,Date,Exercise Name,Weight,Reps,Notes,Primary Muscle Used,Epley 1RM,Machine Used,Full Weight
0,2024-09-19,Hip Abductor (Machine),65.0,10.0,"10x10s isometric holds, 1m rest in between per set",abductors,87,1,1
1,2024-09-19,Hip Abductor (Machine),65.0,10.0,,abductors,87,1,1
2,2024-09-19,Hip Abductor (Machine),55.0,10.0,,abductors,73,1,1
3,2024-09-19,Seated Leg Curl (Machine),77.16179176470715,11.0,2m 30 per set,hamstrings,105,1,1
4,2024-09-19,Seated Leg Curl (Machine),77.16179176470715,10.0,,hamstrings,103,1,1
5,2024-09-19,Seated Leg Curl (Machine),77.16179176470715,8.0,,hamstrings,98,1,1
6,2024-09-19,Seated Leg Curl (Machine),55.11556554621939,7.0,2m 30 per set,hamstrings,68,1,1
7,2024-09-19,Seated Leg Curl (Machine),44.09245243697551,8.0,,hamstrings,56,1,1
8,2024-09-19,Seated Leg Curl (Machine),38.58089588235357,10.0,,hamstrings,51,1,1
9,2024-09-19,Calf Stretch,65.0,1.0,"Single Leg, stretching for 2m 30, 1m 30 rest after 2 sets (both legs), \nR/L",n/a,67,0,1
10,2024-09-19,Calf Stretch,65.0,1.0,,n/a,67,0,1
11,2024-09-19,Calf Stretch,65.0,1.0,,n/a,67,0,1
12,2024-09-19,Calf Stretch,65.0,1.0,,n/a,67,0,1
13,2024-09-23,Lat Pulldown (Cable),33.0,13.0,2m 30 per set,lats,47,1,1
14,2024-09-23,Lat Pulldown (Cable),33.0,15.0,,lats,50,1,1
15,2024-09-23,Lat Pulldown (Cable),33.0,12.0,,lats,46,1,1
16,2024-09-23,Lat Pulldown (Cable),33.0,13.0,,lats,47,1,1
17,2024-09-23,Triceps Press down (Rope),11.25,12.0,,triceps,16,1,1
18,2024-09-23,Triceps Press down (Rope),11.25,10.0,,triceps,15,1,1
19,2024-09-23,Triceps Press down (Rope),11.25,10.0,,triceps,15,1,1
20,2024-09-23,Triceps Press down (Rope),11.25,9.0,,triceps,15,1,1
21,2024-09-23,Lateral Raise (Dumbbell),2.5,14.0,"Super ROM, 2m 30 per set (21m start)",delts,4,0,0
22,2024-09-23,Lateral Raise (Dumbbell),2.5,11.0,,delts,3,0,0
23,2024-09-23,Lateral Raise (Dumbbell),2.5,11.0,,delts,3,0,0
24,2024-09-23,Lateral Raise (Dumbbell),2.5,10.0,,delts,3,0,0
25,2024-09-23,Hanging Knee Raise,0.0,13.0,2m 30 break,abs,0,0,1
26,2024-09-23,Hanging Knee Raise,0.0,8.0,,abs,0,0,1
27,2024-09-23,Hanging Knee Raise,0.0,7.0,,abs,0,0,1
28,2024-09-24,Chest Press (Machine),20.0,12.0,2m 30 per set,pecs,28,1,1
29,2024-09-24,Chest Press (Machine),25.0,14.0,,pecs,37,1,1
30,2024-09-24,Chest Press (Machine),25.0,14.0,,pecs,37,1,1
31,2024-09-24,Chest Press (Machine),25.0,11.0,,pecs,34,1,1
32,2024-09-24,Hammer Curl (Dumbbell),5.0,12.0,,biceps,7,0,0
33,2024-09-24,Hammer Curl (Dumbbell),7.5,12.0,,biceps,10,0,0
34,2024-09-24,Hammer Curl (Dumbbell),7.5,8.0,,biceps,10,0,0
35,2024-09-24,Hammer Curl (Dumbbell),7.0,9.0,,biceps,9,0,0
36,2024-09-24,Abdominal Machine,25.0,14.0,,abs,37,1,1
37,2024-09-24,Abdominal Machine,25.0,15.0,,abs,38,1,1
38,2024-09-24,Abdominal Machine,25.0,13.0,,abs,36,1,1
39,2024-09-24,Abdominal Machine,25.0,11.0,,abs,34,1,1
40,2024-09-25,Triceps Press down (Rope),11.25,18.0,2m 30 per set,triceps,18,1,1
41,2024-09-25,Triceps Press down (Rope),11.25,14.0,,triceps,16,1,1
42,2024-09-25,Triceps Press down (Rope),11.25,9.0,,triceps,15,1,1
43,2024-09-25,Triceps Press down (Rope),11.25,11.0,,triceps,15,1,1
44,2024-09-25,Lateral Raise (Dumbbell),2.5,11.0,Full ROM. 2m30 per set. 9m30 start,delts,3,0,0
45,2024-09-25,Lateral Raise (Dumbbell),2.5,13.0,,delts,4,0,0
46,2024-09-25,Lateral Raise (Dumbbell),2.5,13.0,,delts,4,0,0
47,2024-09-25,Lateral Raise (Dumbbell),2.5,10.0,,delts,3,0,0
48,2024-09-25,Lat Pulldown (Cable),33.0,10.0,"19m30 start, 2m 30 per set",lats,44,1,1
49,2024-09-25,Lat Pulldown (Cable),33.0,12.0,,lats,46,1,1
50,2024-09-25,Lat Pulldown (Cable),33.0,12.0,,lats,46,1,1
51,2024-09-25,Lat Pulldown (Cable),33.0,10.0,,lats,44,1,1
52,2024-09-25,Calf Stretch,65.0,1.0,"L/R superset, 2m30 each side, 1m30 rest. 30m start",n/a,67,0,1
53,2024-09-25,Calf Stretch,65.0,1.0,,n/a,67,0,1
54,2024-09-25,Calf Stretch,65.0,1.0,,n/a,67,0,1
55,2024-09-25,Calf Stretch,65.0,1.0,,n/a,67,0,1
56,2024-09-27,Hammer Curl (Dumbbell),7.0,14.0,,biceps,10,0,0
57,2024-09-27,Hammer Curl (Dumbbell),7.0,12.0,,biceps,10,0,0
58,2024-09-27,Hammer Curl (Dumbbell),7.0,11.0,,biceps,10,0,0
59,2024-09-27,Hammer Curl (Dumbbell),7.0,10.0,,biceps,9,0,0
60,2024-09-27,Chest Press (Machine),30.0,13.0,,pecs,43,1,1
61,2024-09-27,Chest Press (Machine),30.0,11.0,,pecs,41,1,1
62,2024-09-27,Chest Press (Machine),30.0,9.0,,pecs,39,1,1
63,2024-09-27,Chest Press (Machine),25.0,11.0,,pecs,34,1,1
64,2024-09-27,Abdominal Machine,30.0,11.0,,abs,41,1,1
65,2024-09-27,Abdominal Machine,30.0,10.0,,abs,40,1,1
66,2024-09-27,Abdominal Machine,30.0,9.0,,abs,39,1,1
67,2024-09-27,Calf Stretch,70.0,1.0,L/R supersets 2m30 hold. 1m 30 rest ,n/a,72,0,1
68,2024-09-27,Calf Stretch,70.0,1.0,,n/a,72,0,1
69,2024-09-27,Calf Stretch,70.0,1.0,,n/a,72,0,1
70,2024-09-27,Calf Stretch,70.0,1.0,,n/a,72,0,1
71,2024-09-30,Lat Pulldown (Cable),40.0,7.0,2m 30 per set,lats,49,1,1
72,2024-09-30,Lat Pulldown (Cable),33.0,13.0,,lats,47,1,1
73,2024-09-30,Lat Pulldown (Cable),33.0,12.0,,lats,46,1,1
74,2024-09-30,Lat Pulldown (Cable),33.0,12.0,,lats,46,1,1
75,2024-09-30,Triceps Extension (Dumbbell),11.25,13.0,"Seated, 2m 30 per set",triceps,16,0,0
76,2024-09-30,Triceps Extension (Dumbbell),11.25,11.0,,triceps,15,0,0
77,2024-09-30,Triceps Extension (Dumbbell),11.25,10.0,,triceps,15,0,0
78,2024-09-30,Triceps Extension (Dumbbell),11.25,10.0,,triceps,15,0,0
79,2024-09-30,Lateral Raise (Dumbbell),2.5,13.0,"Super ROM, 2m 30 per set",delts,4,0,0
80,2024-09-30,Lateral Raise (Dumbbell),2.5,10.0,,delts,3,0,0
81,2024-09-30,Lateral Raise (Dumbbell),2.5,10.0,,delts,3,0,0
82,2024-09-30,Lateral Raise (Dumbbell),2.5,9.0,,delts,3,0,0
83,2024-09-30,Hip Abductor (Machine),65.0,6.0,"1m 30 rest, 10s holds",abductors,78,1,1
84,2024-09-30,Hip Abductor (Machine),55.0,10.0,,abductors,73,1,1
85,2024-09-30,Hip Abductor (Machine),55.0,10.0,,abductors,73,1,1
86,2024-09-30,Leg Extension (Machine),55.11556554621939,6.0,1m 30 rest,quads,66,1,1
87,2024-09-30,Leg Extension (Machine),44.09245243697551,11.0,,quads,60,1,1
88,2024-09-30,Leg Extension (Machine),44.09245243697551,9.0,,quads,57,1,1
89,2024-09-30,Seated Leg Curl (Machine),55.11556554621939,15.0,1m 30 rest,hamstrings,83,1,1
90,2024-09-30,Seated Leg Curl (Machine),55.11556554621939,12.0,,hamstrings,77,1,1
91,2024-09-30,Seated Leg Curl (Machine),55.11556554621939,9.0,,hamstrings,72,1,1
92,2024-09-30,Calf Stretch,65.0,1.0,"Single leg, 1m 30 between sets, L/R, stretch for 2m30",n/a,67,0,1
93,2024-09-30,Calf Stretch,65.0,1.0,,n/a,67,0,1
94,2024-09-30,Calf Stretch,65.0,1.0,,n/a,67,0,1
95,2024-09-30,Calf Stretch,65.0,1.0,,n/a,67,0,1
96,2024-10-01,Chest Press (Machine),30.0,17.0,,pecs,47,1,1
97,2024-10-01,Chest Press (Machine),30.0,8.0,,pecs,38,1,1
98,2024-10-01,Chest Press (Machine),25.0,13.0,,pecs,36,1,1
99,2024-10-01,Chest Press (Machine),25.0,11.0,,pecs,34,1,1
100,2024-10-01,Abdominal Machine,30.0,8.0,,abs,38,1,1
101,2024-10-01,Abdominal Machine,25.0,13.0,,abs,36,1,1
102,2024-10-01,Abdominal Machine,25.0,12.0,,abs,35,1,1
103,2024-10-01,Hammer Curl (Dumbbell),7.0,14.0,,biceps,10,0,0
104,2024-10-01,Hammer Curl (Dumbbell),7.0,13.0,,biceps,10,0,0
105,2024-10-01,Hammer Curl (Dumbbell),7.0,13.0,,biceps,10,0,0
106,2024-10-01,Hammer Curl (Dumbbell),7.0,9.0,,biceps,9,0,0
107,2024-10-02,Lat Pulldown (Cable),25.0,9.0,,lats,32,1,1
108,2024-10-02,Lat Pulldown (Cable),22.5,11.0,,lats,31,1,1
109,2024-10-02,Lat Pulldown (Cable),22.5,10.0,,lats,30,1,1
110,2024-10-02,Lat Pulldown (Cable),22.5,10.0,,lats,30,1,1
111,2024-10-02,Triceps Extension (Dumbbell),5.0,13.0,,triceps,7,0,0
112,2024-10-02,Triceps Extension (Dumbbell),5.0,11.0,,triceps,7,0,0
113,2024-10-02,Triceps Extension (Dumbbell),5.0,11.0,,triceps,7,0,0
114,2024-10-02,Triceps Extension (Dumbbell),5.0,10.0,,triceps,7,0,0
115,2024-10-02,Lateral Raise (Dumbbell),2.0,15.0,,delts,3,0,0
116,2024-10-02,Lateral Raise (Dumbbell),2.0,11.0,,delts,3,0,0
117,2024-10-02,Lateral Raise (Dumbbell),2.0,11.0,,delts,3,0,0
118,2024-10-02,Lateral Raise (Dumbbell),2.0,10.0,,delts,3,0,0
119,2024-10-04,Chest Press (Machine),30.0,13.0,,pecs,43,1,1
120,2024-10-04,Chest Press (Machine),30.0,12.0,,pecs,42,1,1
121,2024-10-04,Chest Press (Machine),30.0,8.0,,pecs,38,1,1
122,2024-10-04,Chest Press (Machine),25.0,13.0,,pecs,36,1,1
123,2024-10-04,Hammer Curl (Dumbbell),7.0,13.0,,biceps,10,0,0
124,2024-10-04,Hammer Curl (Dumbbell),7.0,12.0,,biceps,10,0,0
125,2024-10-04,Hammer Curl (Dumbbell),7.0,10.0,,biceps,9,0,0
126,2024-10-04,Hammer Curl (Dumbbell),7.0,10.0,,biceps,9,0,0
127,2024-10-07,Lat Pulldown (Cable),33.0,17.0,2m 30 per set,lats,52,1,1
128,2024-10-07,Lat Pulldown (Cable),33.0,16.0,,lats,51,1,1
129,2024-10-07,Lat Pulldown (Cable),33.0,14.0,,lats,48,1,1
130,2024-10-07,Lat Pulldown (Cable),33.0,12.0,,lats,46,1,1
131,2024-10-07,Lateral Raise (Dumbbell),3.0,11.0,2m 30 per set,delts,4,0,0
132,2024-10-07,Lateral Raise (Dumbbell),3.0,8.0,,delts,4,0,0
133,2024-10-07,Lateral Raise (Dumbbell),2.5,10.0,,delts,3,0,0
134,2024-10-07,Lateral Raise (Dumbbell),2.5,9.0,,delts,3,0,0
135,2024-10-07,Triceps Extension (Dumbbell),11.25,14.0,2m 30 per set,triceps,16,0,0
136,2024-10-07,Triceps Extension (Dumbbell),11.25,13.0,,triceps,16,0,0
137,2024-10-07,Triceps Extension (Dumbbell),11.25,14.0,,triceps,16,0,0
138,2024-10-07,Triceps Extension (Dumbbell),11.25,12.0,,triceps,16,0,0
139,2024-10-08,Chest Press (Machine),30.0,14.0,,pecs,44,1,1
140,2024-10-08,Chest Press (Machine),30.0,9.0,,pecs,39,1,1
141,2024-10-08,Chest Press (Machine),30.0,9.0,,pecs,39,1,1
142,2024-10-08,Chest Press (Machine),30.0,8.0,,pecs,38,1,1
143,2024-10-08,Abdominal Machine,30.0,11.0,,abs,41,1,1
144,2024-10-08,Abdominal Machine,30.0,11.0,,abs,41,1,1
145,2024-10-08,Abdominal Machine,30.0,9.0,,abs,39,1,1
146,2024-10-08,Hammer Curl (Dumbbell),7.5,14.0,,biceps,11,0,0
147,2024-10-08,Hammer Curl (Dumbbell),7.5,12.0,,biceps,10,0,0
148,2024-10-08,Hammer Curl (Dumbbell),7.5,9.0,,biceps,10,0,0
149,2024-10-08,Hammer Curl (Dumbbell),6.0,11.0,,biceps,8,0,0
150,2024-10-10,Lat Pulldown (Cable),40.0,15.0,,lats,60,1,1
151,2024-10-10,Lat Pulldown (Cable),40.0,12.0,,lats,56,1,1
152,2024-10-10,Lat Pulldown (Cable),40.0,7.0,,lats,49,1,1
153,2024-10-10,Lat Pulldown (Cable),33.0,13.0,,lats,47,1,1
154,2024-10-10,Triceps Extension (Dumbbell),13.75,14.0,,triceps,20,0,0
155,2024-10-10,Triceps Extension (Dumbbell),13.75,7.0,,triceps,17,0,0
156,2024-10-10,Triceps Extension (Dumbbell),11.25,13.0,,triceps,16,0,0
157,2024-10-10,Triceps Extension (Dumbbell),11.25,13.0,,triceps,16,0,0
158,2024-10-10,Lateral Raise (Dumbbell),3.0,17.0,,delts,5,0,0
159,2024-10-10,Lateral Raise (Dumbbell),3.0,13.0,,delts,4,0,0
160,2024-10-10,Lateral Raise (Dumbbell),3.0,9.0,,delts,4,0,0
161,2024-10-10,Lateral Raise (Dumbbell),3.0,10.0,,delts,4,0,0
162,2024-10-11,Chest Press (Machine),30.0,16.0,,pecs,46,1,1
163,2024-10-11,Chest Press (Machine),30.0,13.0,,pecs,43,1,1
164,2024-10-11,Chest Press (Machine),30.0,13.0,,pecs,43,1,1
165,2024-10-11,Chest Press (Machine),30.0,10.0,,pecs,40,1,1
166,2024-10-11,Hammer Curl (Dumbbell),7.5,16.0,,biceps,12,0,0
167,2024-10-11,Hammer Curl (Dumbbell),7.5,11.0,,biceps,10,0,0
168,2024-10-11,Hammer Curl (Dumbbell),7.5,8.0,,biceps,10,0,0
169,2024-10-11,Hammer Curl (Dumbbell),7.5,9.0,,biceps,10,0,0
170,2024-10-11,Abdominal Machine,30.0,14.0,,abs,44,1,1
171,2024-10-11,Abdominal Machine,30.0,12.0,,abs,42,1,1
172,2024-10-11,Abdominal Machine,30.0,8.0,,abs,38,1,1
173,2024-10-15,Lat Pulldown (Cable),40.0,15.0,,lats,60,1,1
174,2024-10-15,Lat Pulldown (Cable),40.0,13.0,,lats,57,1,1
175,2024-10-15,Lat Pulldown (Cable),40.0,9.0,,lats,52,1,1
176,2024-10-15,Lat Pulldown (Cable),40.0,8.0,,lats,51,1,1
177,2024-10-15,Lateral Raise (Dumbbell),3.0,16.0,,delts,5,0,0
178,2024-10-15,Lateral Raise (Dumbbell),3.0,12.0,,delts,4,0,0
179,2024-10-15,Lateral Raise (Dumbbell),3.0,10.0,,delts,4,0,0
180,2024-10-15,Lateral Raise (Dumbbell),3.0,9.0,,delts,4,0,0
181,2024-10-15,Triceps Extension (Dumbbell),13.75,12.0,,triceps,19,0,0
182,2024-10-15,Triceps Extension (Dumbbell),13.75,11.0,,triceps,19,0,0
183,2024-10-15,Triceps Extension (Dumbbell),13.75,6.0,,triceps,16,0,0
184,2024-10-15,Triceps Extension (Dumbbell),11.25,11.0,,triceps,15,0,0
185,2024-10-16,Abdominal Machine,30.0,17.0,,abs,47,1,1
186,2024-10-16,Abdominal Machine,30.0,16.0,,abs,46,1,1
187,2024-10-16,Abdominal Machine,30.0,12.0,,abs,42,1,1
188,2024-10-16,Chest Press (Machine),30.0,13.0,,pecs,43,1,1
189,2024-10-16,Chest Press (Machine),30.0,9.0,,pecs,39,1,1
190,2024-10-16,Chest Press (Machine),27.5,10.0,,pecs,37,1,1
191,2024-10-16,Chest Press (Machine),27.5,9.0,,pecs,36,1,1
192,2024-10-16,Hammer Curl (Dumbbell),7.5,12.0,,biceps,10,0,0
193,2024-10-16,Hammer Curl (Dumbbell),7.5,11.0,,biceps,10,0,0
194,2024-10-16,Hammer Curl (Dumbbell),7.5,9.0,,biceps,10,0,0
195,2024-10-16,Hammer Curl (Dumbbell),7.5,8.0,,biceps,10,0,0
196,2024-10-16,Hip Adductor (Machine),50.0,20.0,,adductors,83,1,1
197,2024-10-16,Hip Adductor (Machine),60.0,20.0,,adductors,100,1,1
198,2024-10-16,Hip Adductor (Machine),70.0,15.0,,adductors,105,1,1
199,2024-10-16,Seated Leg Curl (Machine),55.11556554621939,15.0,,hamstrings,83,1,1
200,2024-10-16,Seated Leg Curl (Machine),55.11556554621939,13.0,,hamstrings,79,1,1
201,2024-10-16,Seated Leg Curl (Machine),55.11556554621939,10.0,,hamstrings,73,1,1
202,2024-10-16,Leg Extension (Machine),55.11556554621939,4.0,,quads,62,1,1
203,2024-10-16,Leg Extension (Machine),44.09245243697551,5.0,,quads,51,1,1
204,2024-10-16,Leg Extension (Machine),44.09245243697551,9.0,,quads,57,1,1
205,2024-10-16,Leg Extension (Machine),33.06933932773163,8.0,,quads,42,1,1
206,2024-10-16,Hip Abductor (Machine),55.0,6.0,,abductors,66,1,1
207,2024-10-16,Hip Abductor (Machine),45.0,4.0,,abductors,51,1,1
208,2024-10-17,Triceps Extension (Dumbbell),13.75,15.0,,triceps,21,0,0
209,2024-10-17,Triceps Extension (Dumbbell),13.75,10.0,,triceps,18,0,0
210,2024-10-17,Triceps Extension (Dumbbell),13.75,9.0,,triceps,18,0,0
211,2024-10-17,Triceps Extension (Dumbbell),11.25,9.0,,triceps,15,0,0
212,2024-10-17,Lat Pulldown (Cable),40.0,13.0,,lats,57,1,1
213,2024-10-17,Lat Pulldown (Cable),40.0,10.0,,lats,53,1,1
214,2024-10-17,Lat Pulldown (Cable),33.0,11.0,,lats,45,1,1
215,2024-10-17,Lat Pulldown (Cable),33.0,10.0,,lats,44,1,1
216,2024-10-17,Lateral Raise (Dumbbell),3.0,14.0,,delts,4,0,0
217,2024-10-17,Lateral Raise (Dumbbell),3.0,12.0,,delts,4,0,0
218,2024-10-17,Lateral Raise (Dumbbell),3.0,9.0,,delts,4,0,0
219,2024-10-17,Lateral Raise (Dumbbell),2.5,8.0,,delts,3,0,0
220,2024-10-21,Hip Adductor (Machine),65.0,20.0,,adductors,108,1,1
221,2024-10-21,Hip Adductor (Machine),65.0,20.0,,adductors,108,1,1
222,2024-10-21,Hip Adductor (Machine),65.0,18.0,,adductors,104,1,1
223,2024-10-21,Hip Abductor (Machine),65.0,8.0,,abductors,82,1,1
224,2024-10-21,Hip Abductor (Machine),60.0,7.0,,abductors,74,1,1
225,2024-10-21,Hip Abductor (Machine),60.0,10.0,,abductors,80,1,1
226,2024-10-21,Hip Abductor (Machine),60.0,11.0,,abductors,82,1,1
227,2024-10-21,Seated Leg Curl (Machine),55.11556554621939,18.0,,hamstrings,88,1,1
228,2024-10-21,Seated Leg Curl (Machine),55.11556554621939,14.0,,hamstrings,81,1,1
229,2024-10-21,Seated Leg Curl (Machine),55.11556554621939,10.0,,hamstrings,73,1,1
230,2024-10-21,Abdominal Machine,32.5,13.0,,abs,47,1,1
231,2024-10-21,Abdominal Machine,32.5,9.0,,abs,42,1,1
232,2024-10-21,Chest Press (Machine),30.0,14.0,,pecs,44,1,1
233,2024-10-21,Chest Press (Machine),30.0,12.0,,pecs,42,1,1
234,2024-10-21,Chest Press (Machine),30.0,7.0,,pecs,37,1,1
235,2024-10-21,Chest Press (Machine),25.0,10.0,,pecs,33,1,1
236,2024-10-21,Hammer Curl (Dumbbell),7.0,18.0,,biceps,11,0,0
237,2024-10-21,Hammer Curl (Dumbbell),7.0,9.0,,biceps,9,0,0
238,2024-10-21,Hammer Curl (Dumbbell),7.0,11.0,,biceps,10,0,0
239,2024-10-21,Hammer Curl (Dumbbell),7.0,10.0,,biceps,9,0,0
240,2024-10-22,Triceps Extension (Dumbbell),13.75,16.0,,triceps,21,0,0
241,2024-10-22,Triceps Extension (Dumbbell),13.75,12.0,,triceps,19,0,0
242,2024-10-22,Triceps Extension (Dumbbell),13.75,10.0,,triceps,18,0,0
243,2024-10-22,Lat Pulldown (Cable),40.0,13.0,,lats,57,1,1
244,2024-10-22,Lat Pulldown (Cable),40.0,8.0,,lats,51,1,1
245,2024-10-22,Lat Pulldown (Cable),33.0,12.0,,lats,46,1,1
246,2024-10-23,Chest Press (Machine),30.0,14.0,,pecs,44,1,1
247,2024-10-23,Chest Press (Machine),30.0,11.0,,pecs,41,1,1
248,2024-10-23,Chest Press (Machine),30.0,10.0,,pecs,40,1,1
249,2024-10-23,Chest Press (Machine),30.0,8.0,,pecs,38,1,1
250,2024-10-23,Hammer Curl (Dumbbell),7.5,17.0,,biceps,12,0,0
251,2024-10-23,Hammer Curl (Dumbbell),7.5,11.0,,biceps,10,0,0
252,2024-10-23,Hammer Curl (Dumbbell),7.5,10.0,,biceps,10,0,0
253,2024-10-23,Hammer Curl (Dumbbell),7.5,9.0,,biceps,10,0,0
254,2024-10-23,Lateral Raise (Dumbbell),3.0,15.0,,delts,4,0,0
255,2024-10-23,Lateral Raise (Dumbbell),3.0,13.0,,delts,4,0,0
256,2024-10-23,Lateral Raise (Dumbbell),3.0,12.0,,delts,4,0,0
257,2024-10-23,Lateral Raise (Dumbbell),3.0,9.0,,delts,4,0,0
258,2024-10-25,Lat Pulldown (Cable),40.0,14.0,,lats,59,1,1
259,2024-10-25,Lat Pulldown (Cable),40.0,13.0,,lats,57,1,1
260,2024-10-25,Lat Pulldown (Cable),40.0,9.0,,lats,52,1,1
261,2024-10-25,Lat Pulldown (Cable),40.0,10.0,,lats,53,1,1
262,2024-10-25,Triceps Extension (Dumbbell),13.75,10.0,,triceps,18,0,0
263,2024-10-25,Triceps Extension (Dumbbell),11.75,15.0,,triceps,18,0,0
264,2024-10-25,Triceps Extension (Dumbbell),11.75,13.0,,triceps,17,0,0
265,2024-10-25,Triceps Extension (Dumbbell),11.25,8.0,,triceps,14,0,0
266,2024-10-25,Lateral Raise (Dumbbell),3.0,13.0,,delts,4,0,0
267,2024-10-25,Lateral Raise (Dumbbell),3.0,11.0,,delts,4,0,0
268,2024-10-25,Lateral Raise (Dumbbell),3.0,9.0,,delts,4,0,0
269,2024-10-25,Lateral Raise (Dumbbell),3.0,10.0,,delts,4,0,0
270,2024-10-25,Hip Abductor (Machine),55.0,5.0,,abductors,64,1,1
271,2024-10-25,Hip Abductor (Machine),50.0,9.0,,abductors,65,1,1
272,2024-10-25,Hip Abductor (Machine),50.0,8.0,,abductors,63,1,1
273,2024-10-25,Hip Abductor (Machine),45.0,9.0,,abductors,58,1,1
274,2024-10-25,Hip Adductor (Machine),60.0,10.0,,adductors,80,1,1
275,2024-10-25,Hip Adductor (Machine),70.0,5.0,,adductors,82,1,1
276,2024-10-25,Hip Adductor (Machine),65.0,2.0,,adductors,69,1,1
277,2024-10-25,Hip Adductor (Machine),65.0,8.0,,adductors,82,1,1
278,2024-10-25,Hip Adductor (Machine),60.0,2.0,,adductors,64,1,1
279,2024-10-25,Hip Adductor (Machine),60.0,6.0,,adductors,72,1,1
280,2024-10-25,Hip Adductor (Machine),55.0,3.0,,adductors,61,1,1
281,2024-10-28,Chest Press (Machine),30.0,14.0,,pecs,44,1,1
282,2024-10-28,Chest Press (Machine),30.0,14.0,,pecs,44,1,1
283,2024-10-28,Chest Press (Machine),30.0,10.0,,pecs,40,1,1
284,2024-10-28,Chest Press (Machine),30.0,5.0,,pecs,35,1,1
285,2024-10-28,Chest Press (Machine),25.0,4.0,,pecs,28,1,1
286,2024-10-28,Hammer Curl (Dumbbell),7.5,20.0,,biceps,12,0,0
287,2024-10-28,Hammer Curl (Dumbbell),7.5,7.0,,biceps,9,0,0
288,2024-10-28,Hammer Curl (Dumbbell),7.5,11.0,,biceps,10,0,0
289,2024-10-28,Hammer Curl (Dumbbell),7.5,7.0,,biceps,9,0,0
290,2024-10-28,Hip Adductor (Machine),65.0,12.0,,adductors,91,1,1
291,2024-10-28,Hip Adductor (Machine),70.0,6.0,,adductors,84,1,1
292,2024-10-28,Hip Adductor (Machine),65.0,3.0,,adductors,72,1,1
293,2024-10-28,Hip Adductor (Machine),65.0,5.0,,adductors,76,1,1
294,2024-10-28,Hip Adductor (Machine),60.0,6.0,,adductors,72,1,1
295,2024-10-29,Lateral Raise (Dumbbell),3.0,20.0,,delts,5,0,0
296,2024-10-29,Lateral Raise (Dumbbell),3.0,11.0,,delts,4,0,0
297,2024-10-29,Lateral Raise (Dumbbell),3.0,10.0,,delts,4,0,0
298,2024-10-29,Lateral Raise (Dumbbell),3.0,10.0,,delts,4,0,0
299,2024-10-29,Triceps Extension (Dumbbell),13.75,13.0,,triceps,20,0,0
300,2024-10-29,Triceps Extension (Dumbbell),13.75,8.0,,triceps,17,0,0
301,2024-10-29,Triceps Extension (Dumbbell),11.75,10.0,,triceps,16,0,0
302,2024-10-29,Triceps Extension (Dumbbell),11.25,7.0,,triceps,14,0,0
303,2024-10-29,Hip Abductor (Machine),55.0,6.0,,abductors,66,1,1
304,2024-10-29,Hip Abductor (Machine),50.0,4.0,,abductors,57,1,1
305,2024-10-29,Hip Abductor (Machine),50.0,9.0,,abductors,65,1,1
306,2024-10-29,Hip Abductor (Machine),50.0,5.0,,abductors,58,1,1
307,2024-10-29,Hip Abductor (Machine),45.0,4.0,,abductors,51,1,1
308,2024-11-05,Triceps Extension (Cable),8.75,14.0,,triceps,13,1,1
309,2024-11-05,Triceps Extension (Cable),8.75,15.0,,triceps,13,1,1
310,2024-11-05,Triceps Extension (Cable),8.75,13.0,,triceps,13,1,1
311,2024-11-05,Triceps Extension (Cable),8.75,13.0,,triceps,13,1,1
312,2024-11-05,Lat Pulldown (Cable),33.0,15.0,,lats,50,1,1
313,2024-11-05,Lat Pulldown (Cable),40.0,14.0,,lats,59,1,1
314,2024-11-05,Lat Pulldown (Cable),40.0,11.0,,lats,55,1,1
315,2024-11-05,Lat Pulldown (Cable),40.0,10.0,,lats,53,1,1
316,2024-11-05,Lateral Raise (Cable),3.75,9.0,,delts,5,1,1
317,2024-11-05,Lateral Raise (Cable),3.75,8.0,,delts,5,1,1
318,2024-11-05,Lateral Raise (Cable),3.75,7.0,,delts,5,1,1
319,2024-11-05,Lateral Raise (Cable),3.75,6.0,,delts,4,1,1
320,2024-11-05,Lateral Raise (Cable),3.75,8.0,,delts,5,1,1
321,2024-11-05,Lateral Raise (Cable),3.75,8.0,,delts,5,1,1
322,2024-11-05,Lateral Raise (Cable),3.75,7.0,,delts,5,1,1
323,2024-11-05,Lateral Raise (Cable),3.75,8.0,,delts,5,1,1
324,2024-11-06,Chest Fly,19.0,15.0,,pecs,28,1,1
325,2024-11-06,Chest Fly,26.0,15.0,,pecs,39,1,1
326,2024-11-06,Chest Fly,33.0,10.0,,pecs,44,1,1
327,2024-11-06,Chest Fly,26.0,11.0,,pecs,36,1,1
328,2024-11-06,Preacher Curl (Dumbbell),4.0,25.0,,biceps,7,0,0
329,2024-11-06,Preacher Curl (Dumbbell),4.0,25.0,,biceps,7,0,0
330,2024-11-06,Preacher Curl (Dumbbell),4.0,25.0,,biceps,7,0,0
331,2024-11-06,Preacher Curl (Dumbbell),4.0,25.0,,biceps,7,0,0
332,2024-11-06,Preacher Curl (Dumbbell),4.0,25.0,,biceps,7,0,0
333,2024-11-06,Preacher Curl (Dumbbell),4.0,25.0,,biceps,7,0,0
334,2024-11-06,Preacher Curl (Dumbbell),4.0,25.0,,biceps,7,0,0
335,2024-11-06,Preacher Curl (Dumbbell),4.0,25.0,,biceps,7,0,0
336,2024-11-07,Lat Pulldown (Cable),40.0,9.0,,lats,52,1,1
337,2024-11-07,Lat Pulldown (Cable),33.0,13.0,,lats,47,1,1
338,2024-11-07,Lat Pulldown (Cable),33.0,11.0,,lats,45,1,1
339,2024-11-07,Lat Pulldown (Cable),33.0,10.0,,lats,44,1,1
340,2024-11-07,Triceps Extension (Cable),8.75,14.0,,triceps,13,1,1
341,2024-11-07,Triceps Extension (Cable),8.75,15.0,,triceps,13,1,1
342,2024-11-07,Triceps Extension (Cable),8.75,16.0,,triceps,13,1,1
343,2024-11-07,Triceps Extension (Cable),8.75,10.0,,triceps,12,1,1
344,2024-11-07,Lateral Raise (Cable),3.75,7.0,,delts,5,1,1
345,2024-11-07,Lateral Raise (Cable),3.75,3.0,,delts,4,1,1
346,2024-11-07,Lateral Raise (Cable),1.25,13.0,,delts,2,1,1
347,2024-11-07,Lateral Raise (Cable),1.25,15.0,,delts,2,1,1
348,2024-11-07,Lateral Raise (Cable),1.25,14.0,,delts,2,1,1
349,2024-11-07,Lateral Raise (Cable),1.25,17.0,,delts,2,1,1
350,2024-11-07,Lateral Raise (Cable),1.25,13.0,,delts,2,1,1
351,2024-11-07,Lateral Raise (Cable),1.25,13.0,,delts,2,1,1
352,2024-11-08,Preacher Curl (Dumbbell),5.0,17.0,,biceps,8,0,0
353,2024-11-08,Preacher Curl (Dumbbell),5.0,20.0,,biceps,8,0,0
354,2024-11-08,Preacher Curl (Dumbbell),5.0,16.0,,biceps,8,0,0
355,2024-11-08,Preacher Curl (Dumbbell),5.0,17.0,,biceps,8,0,0
356,2024-11-08,Chest Fly (Dumbbell),7.5,16.0,,pecs,12,0,0
357,2024-11-08,Chest Fly (Dumbbell),7.5,15.0,,pecs,11,0,0
358,2024-11-08,Chest Fly (Dumbbell),7.5,15.0,,pecs,11,0,0
359,2024-11-08,Chest Fly (Dumbbell),7.5,14.0,,pecs,11,0,0
360,2024-11-12,Triceps Extension (Cable),11.25,11.0,,triceps,15,1,1
361,2024-11-12,Triceps Extension (Cable),8.75,18.0,,triceps,14,1,1
362,2024-11-12,Triceps Extension (Cable),8.75,11.0,,triceps,12,1,1
363,2024-11-12,Triceps Extension (Cable),8.75,11.0,,triceps,12,1,1
364,2024-11-12,Lat Pulldown (Cable),40.0,11.0,,lats,55,1,1
365,2024-11-12,Lat Pulldown (Cable),40.0,10.0,,lats,53,1,1
366,2024-11-12,Lat Pulldown (Cable),33.0,12.0,,lats,46,1,1
367,2024-11-12,Lat Pulldown (Cable),33.0,9.0,,lats,43,1,1
368,2024-11-12,Lateral Raise (Cable),1.25,20.0,,delts,2,1,1
369,2024-11-12,Lateral Raise (Cable),1.25,20.0,,delts,2,1,1
370,2024-11-12,Lateral Raise (Cable),3.75,9.0,,delts,5,1,1
371,2024-11-12,Lateral Raise (Cable),3.75,7.0,,delts,5,1,1
372,2024-11-12,Lateral Raise (Cable),1.25,20.0,,delts,2,1,1
373,2024-11-12,Lateral Raise (Cable),1.25,16.0,,delts,2,1,1
374,2024-11-12,Lateral Raise (Cable),1.25,18.0,,delts,2,1,1
375,2024-11-12,Lateral Raise (Cable),1.25,16.0,,delts,2,1,1
376,2024-11-13,Preacher Curl (Dumbbell),6.0,15.0,,biceps,9,0,0
377,2024-11-13,Preacher Curl (Dumbbell),6.0,13.0,,biceps,9,0,0
378,2024-11-13,Preacher Curl (Dumbbell),5.0,18.0,,biceps,8,0,0
379,2024-11-13,Preacher Curl (Dumbbell),5.0,16.0,,biceps,8,0,0
380,2024-11-13,Chest Fly,33.0,9.0,,pecs,43,1,1
381,2024-11-13,Chest Fly,26.0,10.0,,pecs,35,1,1
382,2024-11-13,Chest Fly,19.0,12.0,,pecs,27,1,1
383,2024-11-13,Chest Fly,19.0,9.0,,pecs,25,1,1
384,2024-11-18,Triceps Extension (Cable),11.25,11.0,,triceps,15,1,1
385,2024-11-18,Triceps Extension (Cable),8.75,20.0,,triceps,15,1,1
386,2024-11-18,Triceps Extension (Cable),8.75,12.0,,triceps,12,1,1
387,2024-11-18,Triceps Extension (Cable),8.75,12.0,,triceps,12,1,1
388,2024-11-18,Lateral Raise (Cable),3.75,7.0,,delts,5,1,1
389,2024-11-18,Lateral Raise (Cable),3.75,6.0,,delts,4,1,1
390,2024-11-18,Lateral Raise (Cable),1.25,25.0,,delts,2,1,1
391,2024-11-18,Lateral Raise (Cable),1.25,22.0,,delts,2,1,1
392,2024-11-18,Lateral Raise (Cable),3.75,9.0,,delts,5,1,1
393,2024-11-18,Lateral Raise (Cable),3.75,7.0,,delts,5,1,1
394,2024-11-18,Lateral Raise (Cable),3.75,7.0,,delts,5,1,1
395,2024-11-18,Lateral Raise (Cable),3.75,5.0,,delts,4,1,1
396,2024-11-18,Lat Pulldown (Cable),40.0,13.0,,lats,57,1,1
397,2024-11-18,Lat Pulldown (Cable),40.0,10.0,,lats,53,1,1
398,2024-11-18,Lat Pulldown (Cable),33.0,13.0,,lats,47,1,1
399,2024-11-18,Lat Pulldown (Cable),33.0,13.0,,lats,47,1,1
400,2024-11-19,Chest Fly,33.0,13.0,,pecs,47,1,1
401,2024-11-19,Chest Fly,33.0,10.0,,pecs,44,1,1
402,2024-11-19,Chest Fly,26.0,17.0,,pecs,41,1,1
403,2024-11-19,Chest Fly,26.0,13.0,,pecs,37,1,1
404,2024-11-19,Preacher Curl (Dumbbell),6.0,18.0,,biceps,10,0,0
405,2024-11-19,Preacher Curl (Dumbbell),6.0,17.0,,biceps,9,0,0
406,2024-11-19,Preacher Curl (Dumbbell),6.0,15.0,,biceps,9,0,0
407,2024-11-19,Preacher Curl (Dumbbell),6.0,10.0,,biceps,8,0,0
408,2024-11-21,Triceps Extension (Cable),11.25,14.0,,triceps,16,1,1
409,2024-11-21,Triceps Extension (Cable),11.25,13.0,,triceps,16,1,1
410,2024-11-21,Triceps Extension (Cable),11.25,10.0,,triceps,15,1,1
411,2024-11-21,Triceps Extension (Cable),8.75,14.0,,triceps,13,1,1
412,2024-11-21,Lateral Raise (Cable),3.75,9.0,,delts,5,1,1
413,2024-11-21,Lateral Raise (Cable),3.75,7.0,,delts,5,1,1
414,2024-11-21,Lateral Raise (Cable),3.75,10.0,,delts,5,1,1
415,2024-11-21,Lateral Raise (Cable),1.25,20.0,,delts,2,1,1
416,2024-11-21,Lateral Raise (Cable),3.75,7.0,,delts,5,1,1
417,2024-11-21,Lateral Raise (Cable),3.75,6.0,,delts,4,1,1
418,2024-11-21,Lat Pulldown (Cable),40.0,15.0,,lats,60,1,1
419,2024-11-21,Lat Pulldown (Cable),40.0,11.0,,lats,55,1,1
420,2024-11-21,Lat Pulldown (Cable),40.0,10.0,,lats,53,1,1
421,2024-11-21,Lat Pulldown (Cable),33.0,11.0,,lats,45,1,1
422,2024-11-25,Preacher Curl (Dumbbell),6.0,20.0,,biceps,10,0,0
423,2024-11-25,Preacher Curl (Dumbbell),6.0,15.0,,biceps,9,0,0
424,2024-11-25,Preacher Curl (Dumbbell),6.0,14.0,,biceps,9,0,0
425,2024-11-25,Preacher Curl (Dumbbell),6.0,13.0,,biceps,9,0,0
426,2024-11-25,Chest Fly,33.0,14.0,,pecs,48,1,1
427,2024-11-25,Chest Fly,33.0,9.0,,pecs,43,1,1
428,2024-11-25,Chest Fly,26.0,10.0,,pecs,35,1,1
429,2024-11-25,Chest Fly,26.0,15.0,,pecs,39,1,1
430,2024-11-26,Triceps Extension (Cable),11.25,25.0,,triceps,21,1,1
431,2024-11-26,Triceps Extension (Cable),13.75,16.0,,triceps,21,1,1
432,2024-11-26,Triceps Extension (Cable),13.75,10.0,,triceps,18,1,1
433,2024-11-26,Triceps Extension (Cable),11.25,14.0,,triceps,16,1,1
434,2024-11-26,Lateral Raise (Cable),1.25,33.0,,delts,3,1,1
435,2024-11-26,Lateral Raise (Cable),1.25,27.0,,delts,2,1,1
436,2024-11-26,Lateral Raise (Cable),1.25,23.0,,delts,2,1,1
437,2024-11-26,Lateral Raise (Cable),1.25,18.0,,delts,2,1,1
438,2024-11-26,Lateral Raise (Cable),1.25,18.0,,delts,2,1,1
439,2024-11-26,Lateral Raise (Cable),1.25,14.0,,delts,2,1,1
440,2024-11-26,Lateral Raise (Cable),1.25,14.0,,delts,2,1,1
441,2024-11-26,Lateral Raise (Cable),1.25,11.0,,delts,2,1,1
442,2024-11-26,Lateral Raise (Cable),1.25,17.0,,delts,2,1,1
443,2024-11-26,Lateral Raise (Cable),1.25,12.0,,delts,2,1,1
444,2024-11-26,Lat Pulldown (Cable),40.0,11.0,,lats,55,1,1
445,2024-11-26,Lat Pulldown (Cable),33.0,18.0,,lats,53,1,1
446,2024-11-26,Lat Pulldown (Cable),33.0,11.0,,lats,45,1,1
447,2024-11-26,Lat Pulldown (Cable),26.0,22.0,,lats,45,1,1
448,2024-11-29,Preacher Curl (Dumbbell),6.0,21.0,,biceps,10,0,0
449,2024-11-29,Preacher Curl (Dumbbell),6.0,15.0,,biceps,9,0,0
450,2024-11-29,Preacher Curl (Dumbbell),6.0,16.0,,biceps,9,0,0
451,2024-11-29,Preacher Curl (Dumbbell),6.0,13.0,,biceps,9,0,0
452,2024-11-29,Chest Fly,33.0,12.0,,pecs,46,1,1
453,2024-11-29,Chest Fly,33.0,10.0,,pecs,44,1,1
454,2024-11-29,Chest Fly,33.0,9.0,,pecs,43,1,1
455,2024-11-29,Chest Fly,26.0,11.0,,pecs,36,1,1
456,2024-12-03,Preacher Curl (Dumbbell),6.0,25.0,,biceps,11,0,0
457,2024-12-03,Preacher Curl (Dumbbell),6.0,20.0,,biceps,10,0,0
458,2024-12-03,Preacher Curl (Dumbbell),6.0,19.0,,biceps,10,0,0
459,2024-12-03,Preacher Curl (Dumbbell),6.0,13.0,,biceps,9,0,0
460,2024-12-03,Chest Fly,33.0,17.0,,pecs,52,1,1
461,2024-12-03,Chest Fly,33.0,10.0,,pecs,44,1,1
462,2024-12-03,Chest Fly,26.0,14.0,,pecs,38,1,1
463,2024-12-03,Chest Fly,26.0,10.0,,pecs,35,1,1
464,2024-12-03,Triceps Extension (Cable),13.75,16.0,,triceps,21,1,1
465,2024-12-03,Triceps Extension (Cable),13.75,12.0,,triceps,19,1,1
466,2024-12-03,Triceps Extension (Cable),11.75,12.0,,triceps,16,1,1
467,2024-12-03,Triceps Extension (Cable),11.25,11.0,,triceps,15,1,1
468,2024-12-06,Lat Pulldown (Cable),40.0,16.0,,lats,61,1,1
469,2024-12-06,Lat Pulldown (Cable),40.0,12.0,,lats,56,1,1
470,2024-12-06,Lat Pulldown (Cable),40.0,10.0,,lats,53,1,1
471,2024-12-06,Lat Pulldown (Cable),33.0,15.0,,lats,50,1,1
472,2024-12-06,Lateral Raise (Cable),1.25,41.0,,delts,3,1,1
473,2024-12-06,Lateral Raise (Cable),1.25,44.0,,delts,3,1,1
474,2024-12-06,Lateral Raise (Cable),1.25,28.0,,delts,2,1,1
475,2024-12-06,Lateral Raise (Cable),1.25,21.0,,delts,2,1,1
476,2024-12-06,Lateral Raise (Cable),1.25,23.0,,delts,2,1,1
477,2024-12-06,Lateral Raise (Cable),1.25,21.0,,delts,2,1,1
478,2024-12-06,Lateral Raise (Cable),1.25,14.0,,delts,2,1,1
479,2024-12-06,Lateral Raise (Cable),1.25,13.0,,delts,2,1,1
480,2024-12-06,Hip Thrust (Barbell),20.0,8.0,,hip thrust,25,0,1
481,2024-12-06,Hip Thrust (Barbell),20.0,9.0,,hip thrust,26,0,1
482,2024-12-06,Hip Thrust (Barbell),20.0,10.0,,hip thrust,27,0,1
483,2024-12-06,Hip Thrust (Barbell),20.0,8.0,,hip thrust,25,0,1
484,2024-12-09,Triceps Extension (Cable),13.75,16.0,,triceps,21,1,1
485,2024-12-09,Triceps Extension (Cable),13.75,13.0,,triceps,20,1,1
486,2024-12-09,Triceps Extension (Cable),13.75,9.0,,triceps,18,1,1
487,2024-12-09,Triceps Extension (Cable),11.25,11.0,,triceps,15,1,1
488,2024-12-09,Lat Pulldown (Cable),40.0,14.0,,lats,59,1,1
489,2024-12-09,Lat Pulldown (Cable),40.0,10.0,,lats,53,1,1
490,2024-12-09,Lat Pulldown (Cable),33.0,11.0,,lats,45,1,1
491,2024-12-09,Lat Pulldown (Cable),33.0,10.0,,lats,44,1,1
492,2024-12-11,Preacher Curl (Dumbbell),6.0,25.0,,biceps,11,0,0
493,2024-12-11,Preacher Curl (Dumbbell),6.0,21.0,,biceps,10,0,0
494,2024-12-11,Preacher Curl (Dumbbell),6.0,19.0,,biceps,10,0,0
495,2024-12-11,Preacher Curl (Dumbbell),6.0,17.0,,biceps,9,0,0
496,2024-12-11,Chest Fly,33.0,14.0,,pecs,48,1,1
497,2024-12-11,Chest Fly,33.0,10.0,,pecs,44,1,1
498,2024-12-11,Chest Fly,26.0,12.0,,pecs,36,1,1
499,2024-12-11,Chest Fly,26.0,11.0,,pecs,36,1,1
500,2024-12-11,Hip Thrust (Barbell),20.0,8.0,,hip thrust,25,0,1
501,2024-12-11,Hip Thrust (Barbell),22.5,8.0,,hip thrust,28,0,1
502,2024-12-11,Hip Thrust (Barbell),25.0,8.0,,hip thrust,32,0,1
503,2024-12-11,Hip Thrust (Barbell),25.0,8.0,,hip thrust,32,0,1
504,2024-12-13,Lat Pulldown (Cable),40.0,15.0,,lats,60,1,1
505,2024-12-13,Lat Pulldown (Cable),40.0,11.0,,lats,55,1,1
506,2024-12-13,Lat Pulldown (Cable),40.0,10.0,,lats,53,1,1
507,2024-12-13,Lat Pulldown (Cable),40.0,10.0,,lats,53,1,1
508,2024-12-13,Triceps Extension (Cable),13.75,13.0,,triceps,20,1,1
509,2024-12-13,Triceps Extension (Cable),13.75,8.0,,triceps,17,1,1
510,2024-12-13,Triceps Extension (Cable),11.75,11.0,,triceps,16,1,1
511,2024-12-13,Triceps Extension (Cable),11.25,11.0,,triceps,15,1,1
512,2024-12-20,Hip Thrust (Barbell),30.0,9.0,,hip thrust,39,0,1
513,2024-12-20,Hip Thrust (Barbell),30.0,7.0,,hip thrust,37,0,1
514,2024-12-20,Hip Thrust (Barbell),30.0,9.0,,hip thrust,39,0,1
515,2024-12-20,Hip Thrust (Barbell),30.0,6.0,,hip thrust,36,0,1
516,2025-01-02,Bench Press (Barbell),26.0,6.0,,pecs,31,0,1
517,2025-01-02,Bench Press (Barbell),30.0,2.0,,pecs,32,0,1
518,2025-01-02,Bench Press (Barbell),40.0,1.0,,pecs,41,0,1
519,2025-01-05,Chest Press (Machine),30.0,13.0,,pecs,43,1,1
520,2025-01-05,Chest Press (Machine),25.0,6.0,,pecs,30,1,1
521,2025-01-05,Chest Press (Machine),30.0,11.0,,pecs,41,1,1
522,2025-01-05,Chest Press (Machine),25.0,3.0,,pecs,28,1,1
523,2025-01-05,Chest Press (Machine),25.0,12.0,,pecs,35,1,1
524,2025-01-05,Chest Press (Machine),20.0,5.0,,pecs,23,1,1
525,2025-01-05,Preacher Curl (Barbell),12.5,20.0,,biceps,21,0,1
526,2025-01-05,Preacher Curl (Barbell),15.0,16.0,,biceps,23,0,1
527,2025-01-05,Preacher Curl (Barbell),15.0,8.0,,biceps,19,0,1
528,2025-01-05,Preacher Curl (Barbell),12.5,17.0,,biceps,20,0,1
529,2025-01-09,Lat Pulldown (Cable),40.0,15.0,,lats,60,1,1
530,2025-01-09,Lat Pulldown (Cable),40.0,14.0,,lats,59,1,1
531,2025-01-09,Lat Pulldown (Cable),40.0,10.0,,lats,53,1,1
532,2025-01-09,Lat Pulldown (Cable),40.0,9.0,,lats,52,1,1
533,2025-01-09,Lateral Raise (Dumbbell),3.0,20.0,,delts,5,0,0
534,2025-01-09,Lateral Raise (Dumbbell),3.0,17.0,,delts,5,0,0
535,2025-01-09,Lateral Raise (Dumbbell),3.0,14.0,,delts,4,0,0
536,2025-01-09,Lateral Raise (Dumbbell),3.0,14.0,,delts,4,0,0
537,2025-01-09,Triceps Pushdown (Cable - Straight Bar),11.25,25.0,,triceps,21,1,1
538,2025-01-09,Triceps Pushdown (Cable - Straight Bar),13.75,15.0,,triceps,21,1,1
539,2025-01-09,Triceps Pushdown (Cable - Straight Bar),13.75,14.0,,triceps,20,1,1
540,2025-01-09,Triceps Pushdown (Cable - Straight Bar),13.75,14.0,,triceps,20,1,1
541,2025-01-09,Chest Press (Machine),30.0,8.0,,pecs,38,1,1
542,2025-01-09,Chest Press (Machine),25.0,2.0,,pecs,27,1,1
543,2025-01-09,Chest Press (Machine),20.0,7.0,,pecs,25,1,1
544,2025-01-09,Chest Press (Machine),30.0,5.0,,pecs,35,1,1
545,2025-01-09,Chest Press (Machine),20.0,4.0,,pecs,23,1,1
546,2025-01-09,Triceps Dip (Assisted),33.0,8.0,,triceps,42,1,1
547,2025-01-09,Triceps Dip (Assisted),26.0,3.0,,triceps,29,1,1
548,2025-01-09,Preacher Curl (Barbell),12.5,16.0,,biceps,19,0,1
549,2025-01-09,Preacher Curl (Barbell),12.5,7.0,,biceps,15,0,1
550,2025-01-09,Preacher Curl (Barbell),7.5,14.0,,biceps,11,0,1
551,2025-01-12,Chest Press (Machine),30.0,18.0,,pecs,48,1,1
552,2025-01-12,Chest Press (Machine),20.0,8.0,,pecs,25,1,1
553,2025-01-12,Chest Press (Machine),30.0,7.0,,pecs,37,1,1
554,2025-01-12,Chest Press (Machine),20.0,5.0,,pecs,23,1,1
555,2025-01-12,Chest Press (Machine),25.0,9.0,,pecs,32,1,1
556,2025-01-12,Chest Press (Machine),15.0,5.0,,pecs,18,1,1
557,2025-01-12,Lateral Raise (Dumbbell),4.0,11.0,,delts,5,0,0
558,2025-01-12,Lateral Raise (Dumbbell),4.0,10.0,,delts,5,0,0
559,2025-01-12,Lateral Raise (Dumbbell),4.0,9.0,,delts,5,0,0
560,2025-01-14,Lat Pulldown (Cable),40.0,10.0,,lats,53,1,1
561,2025-01-14,Lat Pulldown (Cable),40.0,9.0,,lats,52,1,1
562,2025-01-14,Lat Pulldown (Cable),33.0,13.0,,lats,47,1,1
563,2025-01-14,Lat Pulldown (Cable),33.0,11.0,,lats,45,1,1
564,2025-01-14,Triceps Pushdown (Cable - Straight Bar),13.75,14.0,,triceps,20,1,1
565,2025-01-14,Triceps Pushdown (Cable - Straight Bar),13.75,14.0,,triceps,20,1,1
566,2025-01-14,Triceps Pushdown (Cable - Straight Bar),13.75,12.0,,triceps,19,1,1
567,2025-01-14,Triceps Pushdown (Cable - Straight Bar),13.75,12.0,,triceps,19,1,1
568,2025-01-14,Preacher Curl (Barbell),12.5,16.0,,biceps,19,0,1
569,2025-01-14,Preacher Curl (Barbell),12.5,9.0,,biceps,16,0,1
570,2025-01-14,Preacher Curl (Barbell),10.0,12.0,,biceps,14,0,1
571,2025-01-14,Preacher Curl (Barbell),10.0,17.0,,biceps,16,0,1
572,2025-01-15,Hip Thrust (Barbell),28.0,8.0,,hip thrust,35,0,1
573,2025-01-15,Hip Thrust (Barbell),30.0,8.0,,hip thrust,38,0,1
574,2025-01-15,Hip Thrust (Barbell),32.0,5.0,,hip thrust,37,0,1
575,2025-01-15,Hip Thrust (Barbell),34.0,5.0,,hip thrust,40,0,1
576,2025-01-15,Hip Thrust (Barbell),36.0,4.0,,hip thrust,41,0,1
577,2025-01-17,Lateral Raise (Dumbbell),4.0,15.0,,delts,6,0,0
578,2025-01-17,Lateral Raise (Dumbbell),4.0,12.0,,delts,6,0,0
579,2025-01-17,Lateral Raise (Dumbbell),4.0,10.0,,delts,5,0,0
580,2025-01-17,Lateral Raise (Dumbbell),2.5,7.0,,delts,3,0,0
581,2025-01-17,Lateral Raise (Dumbbell),4.0,10.0,,delts,5,0,0
582,2025-01-17,Lateral Raise (Dumbbell),2.5,5.0,,delts,3,0,0
583,2025-01-17,Chest Press (Machine),30.0,13.0,,pecs,43,1,1
584,2025-01-17,Chest Press (Machine),20.0,6.0,,pecs,24,1,1
585,2025-01-17,Chest Press (Machine),30.0,5.0,,pecs,35,1,1
586,2025-01-17,Chest Press (Machine),20.0,8.0,,pecs,25,1,1
587,2025-01-17,Chest Press (Machine),25.0,8.0,,pecs,32,1,1
588,2025-01-17,Chest Press (Machine),15.0,4.0,,pecs,17,1,1
589,2025-01-17,Chest Press (Machine),20.0,8.0,,pecs,25,1,1
590,2025-01-17,Chest Press (Machine),10.0,11.0,,pecs,14,1,1
591,2025-01-23,Preacher Curl (Barbell),12.5,25.0,,biceps,23,0,1
592,2025-01-23,Preacher Curl (Barbell),12.5,16.0,,biceps,19,0,1
593,2025-01-23,Preacher Curl (Barbell),10.0,17.0,,biceps,16,0,1
594,2025-01-23,Preacher Curl (Barbell),10.0,13.0,,biceps,14,0,1
595,2025-01-23,Hip Thrust (Barbell),30.0,8.0,,hip thrust,38,0,1
596,2025-01-23,Hip Thrust (Barbell),35.0,8.0,,hip thrust,44,0,1
597,2025-01-23,Hip Thrust (Barbell),40.0,8.0,,hip thrust,51,0,1
598,2025-01-23,Hip Thrust (Barbell),42.5,5.0,,hip thrust,50,0,1
599,2025-01-24,Lateral Raise (Dumbbell),4.0,17.0,,delts,6,0,0
600,2025-01-24,Lateral Raise (Dumbbell),4.0,15.0,,delts,6,0,0
601,2025-01-24,Lateral Raise (Dumbbell),4.0,12.0,,delts,6,0,0
602,2025-01-24,Lateral Raise (Dumbbell),4.0,8.0,,delts,5,0,0
603,2025-01-24,Lateral Raise (Dumbbell),2.5,7.0,,delts,3,0,0
604,2025-01-24,Chest Press (Machine),30.0,8.0,,pecs,38,1,1
605,2025-01-24,Chest Press (Machine),20.0,7.0,,pecs,25,1,1
606,2025-01-24,Chest Press (Machine),20.0,13.0,,pecs,29,1,1
607,2025-01-24,Chest Press (Machine),10.0,10.0,,pecs,13,1,1
608,2025-01-24,Chest Press (Machine),20.0,12.0,,pecs,28,1,1
609,2025-01-24,Chest Press (Machine),10.0,13.0,,pecs,14,1,1
610,2025-01-29,Bench Press (Barbell),20.0,1.0,,pecs,21,0,1
611,2025-01-29,Bench Press (Barbell),20.0,1.0,,pecs,21,0,1
612,2025-01-29,Bench Press (Barbell),40.0,0.0,,pecs,40,0,1
613,2025-01-29,Bench Press (Barbell),30.0,1.0,,pecs,31,0,1
614,2025-01-29,Bench Press (Barbell),35.0,3.0,,pecs,38,0,1
615,2025-01-29,Triceps Pushdown (Cable - Straight Bar),13.75,15.0,,triceps,21,1,1
616,2025-01-29,Triceps Pushdown (Cable - Straight Bar),13.75,12.0,,triceps,19,1,1
617,2025-01-29,Triceps Pushdown (Cable - Straight Bar),13.75,11.0,,triceps,19,1,1
618,2025-01-29,Triceps Pushdown (Cable - Straight Bar),13.75,10.0,,triceps,18,1,1
619,2025-01-30,Hip Thrust (Barbell),40.0,8.0,,hip thrust,51,0,1
620,2025-01-30,Hip Thrust (Barbell),42.5,8.0,,hip thrust,54,0,1
621,2025-01-30,Hip Thrust (Barbell),45.0,8.0,,hip thrust,57,0,1
622,2025-01-30,Hip Thrust (Barbell),47.75,5.0,,hip thrust,56,0,1
623,2025-01-30,Lateral Raise (Dumbbell),4.0,15.0,,delts,6,0,0
624,2025-01-30,Lateral Raise (Dumbbell),4.0,12.0,,delts,6,0,0
625,2025-01-30,Lateral Raise (Dumbbell),4.0,11.0,,delts,5,0,0
626,2025-01-30,Chest Press (Machine),30.0,9.0,,pecs,39,1,1
627,2025-01-30,Chest Press (Machine),27.75,14.0,,pecs,41,1,1
628,2025-01-30,Chest Press (Machine),27.75,8.0,,pecs,35,1,1
629,2025-01-30,Chest Press (Machine),25.0,9.0,,pecs,32,1,1
630,2025-02-03,Hip Thrust (Barbell),40.0,8.0,,hip thrust,51,0,1
631,2025-02-04,Lat Pulldown (Cable),33.0,18.0,,lats,53,1,1
632,2025-02-04,Lat Pulldown (Cable),33.0,13.0,,lats,47,1,1
633,2025-02-04,Lat Pulldown (Cable),33.0,12.0,,lats,46,1,1
634,2025-02-04,Lat Pulldown (Cable),33.0,13.0,,lats,47,1,1
635,2025-02-04,Lateral Raise (Dumbbell),4.0,17.0,,delts,6,0,0
636,2025-02-04,Lateral Raise (Dumbbell),4.0,13.0,,delts,6,0,0
637,2025-02-04,Lateral Raise (Dumbbell),4.0,13.0,,delts,6,0,0
638,2025-02-04,Lateral Raise (Dumbbell),4.0,11.0,,delts,5,0,0
639,2025-02-04,Triceps Pushdown (Cable - Straight Bar),13.75,13.0,,triceps,20,1,1
640,2025-02-04,Triceps Pushdown (Cable - Straight Bar),13.75,11.0,,triceps,19,1,1
641,2025-02-04,Triceps Pushdown (Cable - Straight Bar),13.75,11.0,,triceps,19,1,1
642,2025-02-04,Triceps Pushdown (Cable - Straight Bar),13.75,17.0,,triceps,22,1,1
643,2025-02-06,Chest Press (Machine),30.0,16.0,,pecs,46,1,1
644,2025-02-06,Chest Press (Machine),30.0,7.0,,pecs,37,1,1
645,2025-02-06,Chest Press (Machine),25.0,11.0,,pecs,34,1,1
646,2025-02-06,Chest Press (Machine),25.0,9.0,,pecs,32,1,1
647,2025-02-06,Triceps Pushdown (Cable - Straight Bar),13.75,20.0,,triceps,23,1,1
648,2025-02-06,Triceps Pushdown (Cable - Straight Bar),13.75,16.0,,triceps,21,1,1
649,2025-02-06,Triceps Pushdown (Cable - Straight Bar),13.75,15.0,,triceps,21,1,1
650,2025-02-06,Triceps Pushdown (Cable - Straight Bar),13.75,13.0,,triceps,20,1,1
651,2025-02-09,Chest Press (Machine),30.0,11.0,,pecs,41,1,1
652,2025-02-09,Chest Press (Machine),30.0,10.0,,pecs,40,1,1
653,2025-02-09,Chest Press (Machine),30.0,8.0,,pecs,38,1,1
654,2025-02-09,Chest Press (Machine),30.0,10.0,,pecs,40,1,1
655,2025-02-09,Triceps Pushdown (Cable - Straight Bar),16.25,15.0,,triceps,24,1,1
656,2025-02-09,Triceps Pushdown (Cable - Straight Bar),16.25,14.0,,triceps,24,1,1
657,2025-02-09,Triceps Pushdown (Cable - Straight Bar),16.25,13.0,,triceps,23,1,1
658,2025-02-09,Triceps Pushdown (Cable - Straight Bar),16.25,12.0,,triceps,23,1,1
659,2025-02-10,Hammer Curl (Dumbbell),7.5,15.0,,biceps,11,0,0
660,2025-02-10,Hammer Curl (Dumbbell),7.5,10.0,,biceps,10,0,0
661,2025-02-10,Hammer Curl (Dumbbell),7.5,9.0,,biceps,10,0,0
662,2025-02-10,Hammer Curl (Dumbbell),7.5,10.0,,biceps,10,0,0
663,2025-02-11,Bench Press (Barbell),20.0,8.0,,pecs,25,0,1
664,2025-02-11,Bench Press (Barbell),30.0,3.0,,pecs,33,0,1
665,2025-02-11,Bench Press (Barbell),40.0,1.0,,pecs,41,0,1
666,2025-02-11,Bench Press (Barbell),40.0,2.0,,pecs,43,0,1
667,2025-02-11,Bench Press (Barbell),40.0,1.0,,pecs,41,0,1
668,2025-02-11,Bench Press (Barbell),30.0,9.0,,pecs,39,0,1
669,2025-02-11,Lateral Raise (Dumbbell),5.0,9.0,,delts,6,0,0
670,2025-02-11,Lateral Raise (Dumbbell),4.0,12.0,,delts,6,0,0
671,2025-02-11,Lateral Raise (Dumbbell),4.0,10.0,,delts,5,0,0
672,2025-02-11,Lateral Raise (Dumbbell),4.0,12.0,,delts,6,0,0
673,2025-02-11,Triceps Pushdown (Cable - Straight Bar),18.25,12.0,,triceps,26,1,1
674,2025-02-11,Triceps Pushdown (Cable - Straight Bar),18.25,9.0,,triceps,24,1,1
675,2025-02-11,Triceps Pushdown (Cable - Straight Bar),18.25,8.0,,triceps,23,1,1
676,2025-02-11,Triceps Pushdown (Cable - Straight Bar),16.75,12.0,,triceps,23,1,1
677,2025-02-17,Triceps Pushdown (Cable - Straight Bar),18.25,14.0,,triceps,27,1,1
678,2025-02-17,Triceps Pushdown (Cable - Straight Bar),18.25,14.0,,triceps,27,1,1
679,2025-02-17,Triceps Pushdown (Cable - Straight Bar),18.25,10.0,,triceps,24,1,1
680,2025-02-17,Triceps Pushdown (Cable - Straight Bar),18.25,10.0,,triceps,24,1,1
681,2025-02-19,Chest Press (Machine),30.0,15.0,,pecs,45,1,1
682,2025-02-19,Chest Press (Machine),30.0,8.0,,pecs,38,1,1
683,2025-02-19,Chest Press (Machine),25.0,10.0,,pecs,33,1,1
684,2025-02-19,Chest Press (Machine),25.0,9.0,,pecs,32,1,1
685,2025-02-21,Chest Fly,33.0,17.0,,pecs,52,1,1
686,2025-02-21,Chest Fly,33.0,12.0,,pecs,46,1,1
687,2025-02-21,Chest Fly,33.0,8.0,,pecs,42,1,1
688,2025-02-21,Chest Fly,26.0,12.0,,pecs,36,1,1
689,2025-02-21,Lateral Raise (Dumbbell),5.0,11.0,,delts,7,0,0
690,2025-02-21,Lateral Raise (Dumbbell),4.0,14.0,,delts,6,0,0
691,2025-02-21,Lateral Raise (Dumbbell),4.0,10.0,,delts,5,0,0
692,2025-02-21,Lateral Raise (Dumbbell),4.0,11.0,,delts,5,0,0
693,2025-02-21,Preacher Curl (Barbell),12.5,14.0,,biceps,18,0,1
694,2025-02-21,Preacher Curl (Barbell),10.0,17.0,,biceps,16,0,1
695,2025-02-21,Preacher Curl (Barbell),10.0,15.0,,biceps,15,0,1
696,2025-02-22,Triceps Pushdown (Cable - Straight Bar),18.25,25.0,,triceps,33,1,1
697,2025-02-22,Triceps Pushdown (Cable - Straight Bar),18.25,10.0,,triceps,24,1,1
698,2025-02-22,Triceps Pushdown (Cable - Straight Bar),18.25,9.0,,triceps,24,1,1
699,2025-02-22,Triceps Pushdown (Cable - Straight Bar),16.75,11.0,,triceps,23,1,1
700,2025-02-22,Lat Pulldown (Cable),33.0,17.0,,lats,52,1,1
701,2025-02-22,Lat Pulldown (Cable),33.0,12.0,,lats,46,1,1
702,2025-02-22,Lat Pulldown (Cable),33.0,10.0,,lats,44,1,1
703,2025-02-22,Lat Pulldown (Cable),26.0,16.0,,lats,40,1,1
704,2025-02-27,Chest Fly,33.0,13.0,,pecs,47,1,1
705,2025-02-27,Chest Fly,33.0,12.0,,pecs,46,1,1
706,2025-02-27,Chest Fly,33.0,11.0,,pecs,45,1,1
707,2025-02-27,Chest Fly,33.0,8.0,,pecs,42,1,1
708,2025-02-27,Chest Fly,26.0,5.0,,pecs,30,1,1
709,2025-02-27,Lateral Raise (Dumbbell),5.0,13.0,,delts,7,0,0
710,2025-02-27,Lateral Raise (Dumbbell),5.0,10.0,,delts,7,0,0
711,2025-02-27,Lateral Raise (Dumbbell),5.0,7.0,,delts,6,0,0
712,2025-02-27,Lateral Raise (Dumbbell),4.0,11.0,,delts,5,0,0
713,2025-03-03,Triceps Pushdown (Cable - Straight Bar),21.25,10.0,,triceps,28,1,1
714,2025-03-03,Triceps Pushdown (Cable - Straight Bar),21.25,8.0,,triceps,27,1,1
715,2025-03-03,Triceps Pushdown (Cable - Straight Bar),18.75,12.0,,triceps,26,1,1
716,2025-03-03,Triceps Pushdown (Cable - Straight Bar),18.75,10.0,,triceps,25,1,1
717,2025-03-03,Preacher Curl (Dumbbell),6.0,26.0,,biceps,11,0,0
718,2025-03-03,Preacher Curl (Dumbbell),6.0,14.0,,biceps,9,0,0
719,2025-03-03,Preacher Curl (Dumbbell),5.0,18.0,,biceps,8,0,0
720,2025-03-03,Preacher Curl (Dumbbell),5.0,13.0,,biceps,7,0,0
721,2025-03-04,Lat Pulldown (Cable),33.0,18.0,,lats,53,1,1
722,2025-03-04,Lat Pulldown (Cable),33.0,14.0,,lats,48,1,1
723,2025-03-04,Lat Pulldown (Cable),33.0,9.0,,lats,43,1,1
724,2025-03-04,Lat Pulldown (Cable),26.0,14.0,,lats,38,1,1
725,2025-03-04,Chest Fly,33.0,12.0,,pecs,46,1,1
726,2025-03-04,Chest Fly,33.0,8.0,,pecs,42,1,1
727,2025-03-04,Chest Fly,26.0,10.0,,pecs,35,1,1
728,2025-03-04,Chest Fly,26.0,9.0,,pecs,34,1,1
729,2025-03-04,Lateral Raise (Dumbbell),5.0,8.0,,delts,6,0,0
730,2025-03-04,Lateral Raise (Dumbbell),4.0,13.0,,delts,6,0,0
731,2025-03-04,Lateral Raise (Dumbbell),4.0,11.0,,delts,5,0,0
732,2025-03-04,Lateral Raise (Dumbbell),4.0,9.0,,delts,5,0,0
733,2025-03-07,Chest Fly,33.0,10.0,,pecs,44,1,1
734,2025-03-07,Chest Fly,33.0,7.0,,pecs,41,1,1
735,2025-03-07,Chest Fly,26.0,7.0,,pecs,32,1,1
736,2025-03-07,Chest Fly,26.0,7.0,,pecs,32,1,1
737,2025-03-07,Chest Fly,26.0,7.0,,pecs,32,1,1
738,2025-03-07,Triceps Pushdown (Cable - Straight Bar),21.25,8.0,,triceps,27,1,1
739,2025-03-07,Triceps Pushdown (Cable - Straight Bar),21.25,10.0,,triceps,28,1,1
740,2025-03-07,Triceps Pushdown (Cable - Straight Bar),21.25,8.0,,triceps,27,1,1
741,2025-03-07,Triceps Pushdown (Cable - Straight Bar),18.75,11.0,,triceps,26,1,1
742,2025-03-07,Abdominal Machine,30.0,10.0,,abs,40,1,1
743,2025-03-07,Abdominal Machine,40.0,7.0,,abs,49,1,1
744,2025-03-07,Abdominal Machine,37.75,9.0,,abs,49,1,1
745,2025-03-07,Abdominal Machine,37.75,10.0,,abs,50,1,1
746,2025-03-07,Abdominal Machine,37.75,9.0,,abs,49,1,1
747,2025-03-10,Incline Curl (Dumbbell),7.0,12.0,,biceps,10,0,0
748,2025-03-10,Incline Curl (Dumbbell),7.0,8.0,,biceps,9,0,0
749,2025-03-10,Incline Curl (Dumbbell),6.0,10.0,,biceps,8,0,0
750,2025-03-10,Incline Curl (Dumbbell),6.0,9.0,,biceps,8,0,0
751,2025-03-10,Incline Curl (Dumbbell),6.0,6.0,,biceps,7,0,0
752,2025-03-10,Lateral Raise (Dumbbell),5.0,13.0,,delts,7,0,0
753,2025-03-10,Lateral Raise (Dumbbell),5.0,8.0,,delts,6,0,0
754,2025-03-10,Lateral Raise (Dumbbell),4.0,10.0,,delts,5,0,0
755,2025-03-10,Lateral Raise (Dumbbell),4.0,10.0,,delts,5,0,0
756,2025-03-13,Bench Press (Barbell),20.0,8.0,,pecs,25,0,1
757,2025-03-13,Bench Press (Barbell),30.0,3.0,,pecs,33,0,1
758,2025-03-13,Bench Press (Barbell),35.0,7.0,,pecs,43,0,1
759,2025-03-13,Bench Press (Barbell),40.0,1.0,,pecs,41,0,1
760,2025-03-13,Bench Press (Barbell),42.5,0.0,,pecs,42,0,1
761,2025-03-13,Lat Pulldown (Cable),33.0,25.0,,lats,61,1,1
762,2025-03-13,Lat Pulldown (Cable),33.0,15.0,,lats,50,1,1
763,2025-03-13,Lat Pulldown (Cable),33.0,15.0,,lats,50,1,1
764,2025-03-13,Lat Pulldown (Cable),33.0,14.0,,lats,48,1,1
765,2025-03-13,Seated Calf Raise (Machine),45.0,16.0,,calf,69,0,1
766,2025-03-13,Seated Calf Raise (Machine),45.0,15.0,,calf,68,0,1
767,2025-03-13,Seated Calf Raise (Machine),40.0,13.0,,calf,57,0,1
768,2025-03-13,Seated Calf Raise (Machine),35.0,17.0,,calf,55,0,1
769,2025-03-24,Lateral Raise (Dumbbell),5.0,14.0,,delts,7,0,0
770,2025-03-24,Lateral Raise (Dumbbell),5.0,10.0,,delts,7,0,0
771,2025-03-24,Lateral Raise (Dumbbell),5.0,9.0,,delts,6,0,0
772,2025-03-24,Lateral Raise (Dumbbell),4.0,13.0,,delts,6,0,0
773,2025-03-24,Bench Press (Barbell),20.0,2.0,,pecs,21,0,1
774,2025-03-24,Bench Press (Barbell),30.0,5.0,,pecs,35,0,1
775,2025-03-24,Bench Press (Barbell),40.0,1.0,,pecs,41,0,1
776,2025-03-24,Triceps Pushdown (Cable - Straight Bar),18.75,5.0,,triceps,22,1,1
777,2025-03-24,Triceps Pushdown (Cable - Straight Bar),21.25,11.0,,triceps,29,1,1
778,2025-03-24,Triceps Pushdown (Cable - Straight Bar),21.25,7.0,,triceps,26,1,1
779,2025-03-24,Triceps Pushdown (Cable - Straight Bar),18.75,10.0,,triceps,25,1,1
780,2025-03-25,Incline Curl (Dumbbell),7.5,12.0,,biceps,10,0,0
781,2025-03-25,Incline Curl (Dumbbell),7.5,9.0,,biceps,10,0,0
782,2025-03-25,Incline Curl (Dumbbell),7.0,9.0,,biceps,9,0,0
783,2025-03-25,Incline Curl (Dumbbell),7.0,8.0,,biceps,9,0,0
784,2025-03-25,Triceps Pushdown (Cable - Straight Bar),21.25,12.0,,triceps,30,1,1
785,2025-03-25,Triceps Pushdown (Cable - Straight Bar),21.25,10.0,,triceps,28,1,1
786,2025-03-25,Triceps Pushdown (Cable - Straight Bar),21.25,7.0,,triceps,26,1,1
787,2025-03-25,Triceps Pushdown (Cable - Straight Bar),18.75,7.0,,triceps,23,1,1
788,2025-03-25,Incline Bench Press (Barbell),10.0,12.0,,pecs,14,0,1
789,2025-03-25,Incline Bench Press (Barbell),10.0,9.0,,pecs,13,0,1
790,2025-03-25,Incline Bench Press (Barbell),10.0,7.0,,pecs,12,0,1
791,2025-03-25,Lat Pulldown (Cable),40.0,12.0,,lats,56,1,1
792,2025-03-25,Lat Pulldown (Cable),40.0,7.0,,lats,49,1,1
793,2025-03-26,Back Squat (Smith Machine),30.0,3.0,,Back Squat (Smith Machine),33,1,1
794,2025-03-26,Back Squat (Smith Machine),35.0,1.0,,Back Squat (Smith Machine),36,1,1
795,2025-03-26,Back Squat (Smith Machine),37.5,1.0,,Back Squat (Smith Machine),39,1,1
796,2025-03-26,Back Squat (Smith Machine),40.0,1.0,,Back Squat (Smith Machine),41,1,1
797,2025-03-26,Back Squat (Smith Machine),42.5,1.0,,Back Squat (Smith Machine),44,1,1
798,2025-03-26,Front Squat (Smith Machine),30.0,3.0,,Front Squat (Smith Machine),33,1,1
799,2025-03-26,Front Squat (Smith Machine),35.0,1.0,,Front Squat (Smith Machine),36,1,1
800,2025-03-26,"Lunge (Right Foot Forward, Smith Machine)",30.0,3.0,,"Lunge (Right Foot Forward, Smith Machine)",33,1,1
801,2025-03-26,"Lunge (Right Foot Forward, Smith Machine)",35.0,1.0,,"Lunge (Right Foot Forward, Smith Machine)",36,1,1
802,2025-03-26,"Lunge (Right Foot Forward, Smith Machine)",37.5,1.0,,"Lunge (Right Foot Forward, Smith Machine)",39,1,1
803,2025-03-26,"Lunge (Right Foot Forward, Smith Machine)",40.0,1.0,,"Lunge (Right Foot Forward, Smith Machine)",41,1,1
804,2025-03-26,"Lunge (Left Foot Forwards, Smith Machine)",30.0,3.0,,"Lunge (Left Foot Forwards, Smith Machine)",33,1,1
805,2025-03-26,"Lunge (Left Foot Forwards, Smith Machine)",35.0,1.0,,"Lunge (Left Foot Forwards, Smith Machine)",36,1,1
806,2025-03-26,"Lunge (Left Foot Forwards, Smith Machine)",37.5,1.0,,"Lunge (Left Foot Forwards, Smith Machine)",39,1,1
807,2025-03-26,Deadlift (Smith Machine),45.0,1.0,,Deadlift (Smith Machine),47,1,1
808,2025-03-26,Deadlift (Smith Machine),50.0,1.0,,Deadlift (Smith Machine),52,1,1
809,2025-03-26,Deadlift (Smith Machine),55.0,1.0,,Deadlift (Smith Machine),57,1,1
810,2025-03-27,Bent Over Row (Barbell),20.0,5.0,,lats,23,0,1
811,2025-03-27,Bent Over Row (Barbell),30.0,14.0,,lats,44,0,1
812,2025-03-27,Bent Over Row (Barbell),40.0,9.0,,lats,52,0,1
813,2025-03-27,Bent Over Row (Barbell),40.0,7.0,,lats,49,0,1
814,2025-03-27,Bent Over Row (Barbell),40.0,3.0,,lats,44,0,1
815,2025-03-27,Bent Over Row (Barbell),40.0,5.0,,lats,47,0,1
816,2025-03-28,Triceps Pushdown (Cable - Straight Bar),21.25,10.0,,triceps,28,1,1
817,2025-03-28,Triceps Pushdown (Cable - Straight Bar),21.25,8.0,,triceps,27,1,1
818,2025-03-28,Triceps Pushdown (Cable - Straight Bar),18.75,11.0,,triceps,26,1,1
819,2025-03-28,Triceps Pushdown (Cable - Straight Bar),18.75,9.0,,triceps,24,1,1
820,2025-03-28,Incline Curl (Dumbbell),7.0,13.0,,biceps,10,0,0
821,2025-03-28,Incline Curl (Dumbbell),7.0,8.0,,biceps,9,0,0
822,2025-03-28,Incline Curl (Dumbbell),6.0,11.0,,biceps,8,0,0
823,2025-03-28,Incline Curl (Dumbbell),6.0,10.0,,biceps,8,0,0
824,2025-04-07,Lat Pulldown (Cable),40.0,13.0,,lats,57,1,1
825,2025-04-07,Lat Pulldown (Cable),40.0,7.0,,lats,49,1,1
826,2025-04-07,Lat Pulldown (Cable),33.0,11.0,,lats,45,1,1
827,2025-04-07,Lat Pulldown (Cable),33.0,8.0,,lats,42,1,1
828,2025-04-07,Incline Bench Press (Barbell),10.0,12.0,,pecs,14,0,1
829,2025-04-07,Incline Bench Press (Barbell),10.0,11.0,,pecs,14,0,1
830,2025-04-07,Incline Bench Press (Barbell),10.0,6.0,,pecs,12,0,1
831,2025-04-07,Incline Bench Press (Barbell),7.5,10.0,,pecs,10,0,1
832,2025-04-09,Lateral Raise (Dumbbell),5.0,13.0,,delts,7,0,0
833,2025-04-09,Lateral Raise (Dumbbell),5.0,10.0,,delts,7,0,0
834,2025-04-09,Lateral Raise (Dumbbell),4.0,10.0,,delts,5,0,0
835,2025-04-09,Lateral Raise (Dumbbell),4.0,9.0,,delts,5,0,0
836,2025-04-09,Lateral Raise (Dumbbell),4.0,9.0,,delts,5,0,0
837,2025-04-09,Triceps Pushdown (Cable - Straight Bar),18.75,16.0,,triceps,29,1,1
838,2025-04-09,Triceps Pushdown (Cable - Straight Bar),18.75,11.0,,triceps,26,1,1
839,2025-04-09,Triceps Pushdown (Cable - Straight Bar),18.75,8.0,,triceps,24,1,1
840,2025-04-09,Triceps Pushdown (Cable - Straight Bar),18.75,7.0,,triceps,23,1,1
841,2025-04-09,Seated Leg Press (Machine),55.11556554621939,4.0,,glutes/quads,62,1,1
842,2025-04-09,Seated Leg Press (Machine),77.16179176470715,7.0,,glutes/quads,95,1,1
843,2025-04-09,Seated Leg Press (Machine),77.16179176470715,7.0,,glutes/quads,95,1,1
844,2025-04-09,Seated Leg Press (Machine),77.16179176470715,2.0,,glutes/quads,82,1,1
845,2025-04-09,Seated Leg Press (Machine),55.11556554621939,4.0,,glutes/quads,62,1,1
846,2025-04-11,Incline Curl (Dumbbell),7.0,14.0,,biceps,10,0,0
847,2025-04-11,Incline Curl (Dumbbell),7.0,9.0,,biceps,9,0,0
848,2025-04-11,Incline Curl (Dumbbell),7.0,9.0,,biceps,9,0,0
849,2025-04-11,Incline Curl (Dumbbell),7.0,8.0,,biceps,9,0,0
850,2025-04-11,Lateral Raise (Dumbbell),5.0,14.0,,delts,7,0,0
851,2025-04-11,Lateral Raise (Dumbbell),5.0,11.0,,delts,7,0,0
852,2025-04-11,Lateral Raise (Dumbbell),5.0,8.0,,delts,6,0,0
853,2025-04-11,Lateral Raise (Dumbbell),4.0,11.0,,delts,5,0,0
854,2025-04-14,Lateral Raise (Dumbbell),5.0,17.0,,delts,8,0,0
855,2025-04-14,Lateral Raise (Dumbbell),5.0,14.0,,delts,7,0,0
856,2025-04-14,Lateral Raise (Dumbbell),5.0,11.0,,delts,7,0,0
857,2025-04-14,Lateral Raise (Dumbbell),5.0,8.0,,delts,6,0,0
858,2025-04-14,Incline Curl (Dumbbell),7.0,9.0,,biceps,9,0,0
859,2025-04-14,Incline Curl (Dumbbell),7.0,9.0,,biceps,9,0,0
860,2025-04-14,Incline Curl (Dumbbell),7.0,7.0,,biceps,9,0,0
861,2025-04-14,Incline Curl (Dumbbell),7.0,9.0,,biceps,9,0,0
862,2025-04-15,Chest Press (Machine),30.0,16.0,,pecs,46,1,1
863,2025-04-15,Chest Press (Machine),30.0,11.0,,pecs,41,1,1
864,2025-04-15,Chest Press (Machine),30.0,7.0,,pecs,37,1,1
865,2025-04-15,Chest Press (Machine),25.0,10.0,,pecs,33,1,1
866,2025-04-15,Chest Press (Machine),25.0,11.0,,pecs,34,1,1
867,2025-04-15,Lat Pulldown (Cable),40.0,13.0,,lats,57,1,1
868,2025-04-15,Lat Pulldown (Cable),40.0,9.0,,lats,52,1,1
869,2025-04-15,Lat Pulldown (Cable),33.0,13.0,,lats,47,1,1
870,2025-04-15,Lat Pulldown (Cable),33.0,14.0,,lats,48,1,1
871,2025-04-15,Lat Pulldown (Cable),33.0,10.0,,lats,44,1,1
872,2025-04-17,Triceps Pushdown (Cable - Straight Bar),18.75,15.0,,triceps,28,1,1
873,2025-04-17,Triceps Pushdown (Cable - Straight Bar),18.75,13.0,,triceps,27,1,1
874,2025-04-17,Triceps Pushdown (Cable - Straight Bar),18.75,9.0,,triceps,24,1,1
875,2025-04-17,Triceps Pushdown (Cable - Straight Bar),18.75,8.0,,triceps,24,1,1
876,2025-04-17,Triceps Pushdown (Cable - Straight Bar),16.75,10.0,,triceps,22,1,1
877,2025-04-17,Lateral Raise (Dumbbell),5.0,16.0,,delts,8,0,0
878,2025-04-17,Lateral Raise (Dumbbell),5.0,14.0,,delts,7,0,0
879,2025-04-17,Lateral Raise (Dumbbell),5.0,11.0,,delts,7,0,0
880,2025-04-17,Lateral Raise (Dumbbell),5.0,11.0,,delts,7,0,0
881,2025-04-17,Lateral Raise (Dumbbell),5.0,8.0,,delts,6,0,0
882,2025-04-24,Incline Bench Press (Barbell),10.0,14.0,,pecs,15,0,1
883,2025-04-24,Incline Bench Press (Barbell),10.0,9.0,,pecs,13,0,1
884,2025-04-24,Incline Bench Press (Barbell),10.0,7.0,,pecs,12,0,1
885,2025-04-24,Incline Bench Press (Barbell),7.5,13.0,,pecs,11,0,1
886,2025-04-24,Incline Bench Press (Barbell),7.5,9.0,,pecs,10,0,1
887,2025-04-24,Incline Curl (Dumbbell),7.0,14.0,,biceps,10,0,0
888,2025-04-24,Incline Curl (Dumbbell),7.0,9.0,,biceps,9,0,0
889,2025-04-24,Incline Curl (Dumbbell),7.0,9.0,,biceps,9,0,0
890,2025-04-24,Incline Curl (Dumbbell),7.0,9.0,,biceps,9,0,0
891,2025-04-24,Incline Curl (Dumbbell),7.0,7.0,,biceps,9,0,0
892,2025-04-25,Lat Pulldown (Cable),40.0,16.0,,lats,61,1,1
893,2025-04-25,Lat Pulldown (Cable),40.0,12.0,,lats,56,1,1
894,2025-04-25,Lat Pulldown (Cable),40.0,9.0,,lats,52,1,1
895,2025-04-25,Lat Pulldown (Cable),33.0,12.0,,lats,46,1,1
896,2025-04-25,Lateral Raise (Dumbbell),5.0,20.0,,delts,8,0,0
897,2025-04-25,Lateral Raise (Dumbbell),5.0,14.0,,delts,7,0,0
898,2025-04-25,Lateral Raise (Dumbbell),5.0,11.0,,delts,7,0,0
899,2025-04-25,Lateral Raise (Dumbbell),5.0,11.0,,delts,7,0,0
900,2025-04-26,Triceps Press down (Rope),16.25,12.0,,triceps,23,1,1
901,2025-04-26,Triceps Press down (Rope),16.25,10.0,,triceps,22,1,1
902,2025-04-26,Triceps Press down (Rope),16.25,11.0,,triceps,22,1,1
903,2025-04-26,Triceps Press down (Rope),16.25,10.0,,triceps,22,1,1
904,2025-04-26,Triceps Press down (Rope),16.25,9.0,,triceps,21,1,1
905,2025-04-26,Incline Curl (Dumbbell),6.0,10.0,,biceps,8,0,0
906,2025-04-26,Incline Curl (Dumbbell),7.0,9.0,,biceps,9,0,0
907,2025-04-26,Incline Curl (Dumbbell),7.0,11.0,,biceps,10,0,0
908,2025-04-26,Incline Curl (Dumbbell),7.0,8.0,,biceps,9,0,0
909,2025-04-26,Incline Curl (Dumbbell),7.0,8.0,,biceps,9,0,0
910,2025-04-26,Lateral Raise (Dumbbell),6.0,10.0,,delts,8,0,0
911,2025-04-28,Lateral Raise (Dumbbell),6.0,18.0,,delts,10,0,0
912,2025-04-28,Lateral Raise (Dumbbell),6.0,14.0,,delts,9,0,0
913,2025-04-28,Lateral Raise (Dumbbell),6.0,9.0,,delts,8,0,0
914,2025-04-28,Lateral Raise (Dumbbell),6.0,9.0,,delts,8,0,0
915,2025-04-28,Lateral Raise (Dumbbell),6.0,7.0,,delts,7,0,0
916,2025-04-28,Lat Pulldown (Cable),40.0,15.0,,lats,60,1,1
917,2025-04-28,Lat Pulldown (Cable),40.0,10.0,,lats,53,1,1
918,2025-04-28,Lat Pulldown (Cable),40.0,8.0,,lats,51,1,1
919,2025-04-28,Lat Pulldown (Cable),33.0,12.0,,lats,46,1,1
920,2025-04-28,Lat Pulldown (Cable),33.0,12.0,,lats,46,1,1
921,2025-05-03,Chest Press (Machine),30.0,12.0,,pecs,42,1,1
922,2025-05-03,Chest Press (Machine),30.0,9.0,,pecs,39,1,1
923,2025-05-03,Chest Press (Machine),25.0,11.0,,pecs,34,1,1
924,2025-05-03,Chest Press (Machine),25.0,9.0,,pecs,32,1,1
925,2025-05-03,Chest Press (Machine),25.0,8.0,,pecs,32,1,1
926,2025-05-03,Lateral Raise (Dumbbell),4.0,14.0,,delts,6,0,0
927,2025-05-03,Lateral Raise (Dumbbell),4.0,13.0,,delts,6,0,0
928,2025-05-03,Lateral Raise (Dumbbell),4.0,9.0,,delts,5,0,0
929,2025-05-03,Lateral Raise (Dumbbell),4.0,11.0,,delts,5,0,0
930,2025-05-06,Lat Pulldown (Cable),40.0,18.0,,lats,64,1,1
931,2025-05-06,Lat Pulldown (Cable),40.0,12.0,,lats,56,1,1
932,2025-05-06,Lat Pulldown (Cable),40.0,10.0,,lats,53,1,1
933,2025-05-06,Lat Pulldown (Cable),40.0,9.0,,lats,52,1,1
934,2025-05-06,Incline Bench Press (Barbell),10.0,17.0,,pecs,16,0,1
935,2025-05-06,Incline Bench Press (Barbell),10.0,11.0,,pecs,14,0,1
936,2025-05-06,Incline Bench Press (Barbell),10.0,8.0,,pecs,13,0,1
937,2025-05-06,Incline Bench Press (Barbell),10.0,10.0,,pecs,13,0,1
938,2025-05-06,Triceps Press down (Rope),16.25,6.0,,triceps,20,1,1
939,2025-05-06,Triceps Press down (Rope),13.75,9.0,,triceps,18,1,1
940,2025-05-06,Triceps Press down (Rope),13.75,11.0,,triceps,19,1,1
941,2025-05-08,Incline Bench Press (Smith Machine),25.0,4.0,,pecs,28,1,1
942,2025-05-08,Incline Bench Press (Smith Machine),30.0,6.0,,pecs,36,1,1
943,2025-05-08,Incline Bench Press (Smith Machine),25.0,10.0,,pecs,33,1,1
944,2025-05-08,Bench Press (Smith Machine),30.0,5.0,,pecs,35,1,1
945,2025-05-08,Bench Press (Smith Machine),30.0,8.0,,pecs,38,1,1
946,2025-05-08,Bench Press (Smith Machine),35.0,1.0,,pecs,36,1,1
947,2025-05-20,Chest Fly,33.0,14.0,,pecs,48,1,1
948,2025-05-20,Chest Fly,33.0,10.0,,pecs,44,1,1
949,2025-05-20,Chest Fly,33.0,8.0,,pecs,42,1,1
950,2025-05-20,Chest Fly,26.0,10.0,,pecs,35,1,1
951,2025-05-20,Triceps Pushdown (Cable - Straight Bar),16.25,19.0,,triceps,27,1,1
952,2025-05-20,Triceps Pushdown (Cable - Straight Bar),16.25,14.0,,triceps,24,1,1
953,2025-05-20,Triceps Pushdown (Cable - Straight Bar),16.25,11.0,,triceps,22,1,1
954,2025-05-20,Triceps Pushdown (Cable - Straight Bar),16.25,8.0,,triceps,21,1,1
955,2025-05-20,Lateral Raise (Dumbbell),4.0,14.0,,delts,6,0,0
956,2025-05-20,Lateral Raise (Dumbbell),4.0,10.0,,delts,5,0,0
957,2025-05-20,Lateral Raise (Dumbbell),4.0,10.0,,delts,5,0,0
958,2025-05-20,Lateral Raise (Dumbbell),4.0,9.0,,delts,5,0,0
959,2025-05-21,Back Squat (Smith Machine),50.0,1.0,,Back Squat (Smith Machine),52,1,1
960,2025-05-21,Front Squat (Smith Machine),45.0,1.0,,Front Squat (Smith Machine),47,1,1
961,2025-05-21,"Lunge (Left Foot Forwards, Smith Machine)",45.0,1.0,,"Lunge (Left Foot Forwards, Smith Machine)",47,1,1
962,2025-05-21,"Lunge (Right Foot Forward, Smith Machine)",45.0,1.0,,"Lunge (Right Foot Forward, Smith Machine)",47,1,1
963,2025-05-21,Deadlift (Smith Machine),70.0,1.0,,Deadlift (Smith Machine),72,1,1
964,2025-05-22,Lat Pulldown (Cable),40.0,12.0,,lats,56,1,1
965,2025-05-22,Lat Pulldown (Cable),40.0,8.0,,lats,51,1,1
966,2025-05-22,Lat Pulldown (Cable),33.0,10.0,,lats,44,1,1
967,2025-05-22,Lat Pulldown (Cable),33.0,9.0,,lats,43,1,1
968,2025-05-22,Incline Curl (Dumbbell),7.5,11.0,,biceps,10,0,0
969,2025-05-22,Incline Curl (Dumbbell),7.5,8.0,,biceps,10,0,0
970,2025-05-22,Incline Curl (Dumbbell),7.0,10.0,,biceps,9,0,0
971,2025-05-22,Incline Curl (Dumbbell),7.0,9.0,,biceps,9,0,0
972,2025-05-24,Chest Fly,33.0,16.0,,pecs,51,1,1
973,2025-05-24,Chest Fly,33.0,10.0,,pecs,44,1,1
974,2025-05-24,Chest Fly,33.0,7.0,,pecs,41,1,1
975,2025-05-24,Chest Fly,40.0,8.0,,pecs,51,1,1
976,2025-05-24,Lateral Raise (Dumbbell),4.0,16.0,,delts,6,0,0
977,2025-05-24,Lateral Raise (Dumbbell),4.0,12.0,,delts,6,0,0
978,2025-05-24,Lateral Raise (Dumbbell),4.0,10.0,,delts,5,0,0
979,2025-05-24,Lateral Raise (Dumbbell),4.0,11.0,,delts,5,0,0
980,2025-05-30,Lateral Raise (Dumbbell),4.0,17.0,,delts,6,0,0
981,2025-05-30,Lateral Raise (Dumbbell),4.0,12.0,,delts,6,0,0
982,2025-05-30,Lateral Raise (Dumbbell),4.0,13.0,,delts,6,0,0
983,2025-05-30,Lateral Raise (Dumbbell),4.0,11.0,,delts,5,0,0
984,2025-05-30,Triceps Pushdown (Cable - Straight Bar),16.25,18.0,,triceps,26,1,1
985,2025-05-30,Triceps Pushdown (Cable - Straight Bar),16.25,15.0,,triceps,24,1,1
986,2025-05-30,Triceps Pushdown (Cable - Straight Bar),16.25,12.0,,triceps,23,1,1
987,2025-05-30,Triceps Pushdown (Cable - Straight Bar),16.25,11.0,,triceps,22,1,1
988,2025-06-02,Bicep Curl (Dumbbell),7.0,12.0,,biceps,10,0,0
989,2025-06-02,Bicep Curl (Dumbbell),7.0,6.0,,biceps,8,0,0
990,2025-06-02,Bicep Curl (Dumbbell),6.0,6.0,,biceps,7,0,0
991,2025-06-02,Bicep Curl (Dumbbell),6.0,7.0,,biceps,7,0,0
992,2025-06-02,Bicep Curl (Dumbbell),5.0,8.0,,biceps,6,0,0
993,2025-06-02,Bicep Curl (Dumbbell),5.0,8.0,,biceps,6,0,0
994,2025-06-02,Triceps Pushdown (Cable - Straight Bar),16.25,15.0,,triceps,24,1,1
995,2025-06-02,Triceps Pushdown (Cable - Straight Bar),16.25,12.0,,triceps,23,1,1
996,2025-06-02,Triceps Pushdown (Cable - Straight Bar),16.25,9.0,,triceps,21,1,1
997,2025-06-02,Triceps Pushdown (Cable - Straight Bar),16.25,7.0,,triceps,20,1,1
998,2025-06-02,Seated Leg Press (Machine),55.11556554621939,9.0,,glutes,72,1,1
999,2025-06-02,Seated Leg Press (Machine),55.11556554621939,8.0,,glutes,70,1,1
1000,2025-06-02,Seated Leg Press (Machine),49.60400899159745,10.0,,glutes,66,1,1
1001,2025-06-02,Seated Leg Press (Machine),49.60400899159745,12.0,,glutes,69,1,1
1002,2025-06-02,Seated Leg Press (Machine),49.60400899159745,7.0,,glutes,61,1,1
1003,2025-06-02,Lateral Raise (Dumbbell),4.0,18.0,,delts,6,0,0
1004,2025-06-02,Lateral Raise (Dumbbell),4.0,13.0,,delts,6,0,0
1005,2025-06-02,Lateral Raise (Dumbbell),4.0,9.0,,delts,5,0,0
1006,2025-06-03,Chest Fly,40.0,8.0,,pecs,51,1,1
1007,2025-06-03,Chest Fly,33.0,9.0,,pecs,43,1,1
1008,2025-06-03,Chest Fly,33.0,7.0,,pecs,41,1,1
1009,2025-06-03,Chest Fly,26.0,8.0,,pecs,33,1,1
1010,2025-06-03,Lat Pulldown (Cable),40.0,11.0,,lats,55,1,1
1011,2025-06-03,Lat Pulldown (Cable),40.0,9.0,,lats,52,1,1
1012,2025-06-03,Lat Pulldown (Cable),33.0,8.0,,lats,42,1,1
1013,2025-06-03,Lat Pulldown (Cable),33.0,9.0,,lats,43,1,1
1014,2025-06-04,Seated Leg Press (Machine),55.11556554621939,14.0,,glutes,81,1,1
1015,2025-06-04,Seated Leg Press (Machine),55.11556554621939,9.0,,glutes,72,1,1
1016,2025-06-04,Seated Leg Press (Machine),49.60400899159745,10.0,,glutes,66,1,1
1017,2025-06-04,Seated Leg Press (Machine),49.60400899159745,12.0,,glutes,69,1,1
1018,2025-06-04,Leg Extension (Machine),44.09245243697551,9.0,,quads,57,1,1
1019,2025-06-04,Leg Extension (Machine),44.09245243697551,10.0,,quads,59,1,1
1020,2025-06-04,Leg Extension (Machine),44.09245243697551,9.0,,quads,57,1,1
1021,2025-06-04,Leg Extension (Machine),44.09245243697551,10.0,,quads,59,1,1
1022,2025-06-04,Hip Abductor (Machine),55.0,14.0,,abductors,81,1,1
1023,2025-06-04,Hip Abductor (Machine),60.0,12.0,,abductors,84,1,1
1024,2025-06-04,Hip Abductor (Machine),60.0,10.0,,abductors,80,1,1
1025,2025-06-04,Seated Leg Curl (Machine),66.13867865546327,15.0,,hamstrings,99,1,1
1026,2025-06-04,Seated Leg Curl (Machine),77.16179176470715,12.0,,hamstrings,108,1,1
1027,2025-06-04,Seated Leg Curl (Machine),77.16179176470715,9.0,,hamstrings,100,1,1
1028,2025-06-04,Seated Leg Curl (Machine),77.16179176470715,8.0,,hamstrings,98,1,1
1029,2025-06-08,Lateral Raise (Dumbbell),4.0,20.0,,delts,7,0,0
1030,2025-06-08,Lateral Raise (Dumbbell),4.0,14.0,,delts,6,0,0
1031,2025-06-08,Lateral Raise (Dumbbell),4.0,10.0,,delts,5,0,0
1032,2025-06-08,Lateral Raise (Dumbbell),4.0,11.0,,delts,5,0,0
1033,2025-06-08,Bicep Curl (Dumbbell),7.0,11.0,,biceps,10,0,0
1034,2025-06-08,Bicep Curl (Dumbbell),7.0,5.0,,biceps,8,0,0
1035,2025-06-08,Bicep Curl (Dumbbell),6.0,7.0,,biceps,7,0,0
1036,2025-06-08,Bicep Curl (Dumbbell),6.0,6.0,,biceps,7,0,0
1037,2025-06-08,Chest Fly,40.0,7.0,,pecs,49,1,1
1038,2025-06-08,Chest Fly,33.0,7.0,,pecs,41,1,1
1039,2025-06-08,Chest Fly,26.0,9.0,,pecs,34,1,1
1040,2025-06-08,Chest Fly,26.0,8.0,,pecs,33,1,1
1041,2025-06-09,Lat Pulldown (Cable),40.0,12.0,,lats,56,1,1
1042,2025-06-09,Lat Pulldown (Cable),40.0,7.0,,lats,49,1,1
1043,2025-06-09,Lat Pulldown (Cable),33.0,10.0,,lats,44,1,1
1044,2025-06-09,Lat Pulldown (Cable),33.0,9.0,,lats,43,1,1
1045,2025-06-09,Triceps Pushdown (Cable - Straight Bar),16.25,10.0,,triceps,22,1,1
1046,2025-06-09,Triceps Pushdown (Cable - Straight Bar),16.25,9.0,,triceps,21,1,1
1047,2025-06-09,Triceps Pushdown (Cable - Straight Bar),16.25,7.0,,triceps,20,1,1
1048,2025-06-09,Triceps Pushdown (Cable - Straight Bar),16.25,9.0,,triceps,21,1,1
1049,2025-06-09,Seated Leg Press (Machine),55.11556554621939,18.0,,glutes,88,1,1
1050,2025-06-09,Seated Leg Press (Machine),55.11556554621939,15.0,,glutes,83,1,1
1051,2025-06-09,Seated Leg Press (Machine),55.11556554621939,8.0,,glutes,70,1,1
1052,2025-06-09,Seated Leg Press (Machine),49.60400899159745,11.0,,glutes,68,1,1
1053,2025-07-08,Lateral Raise (Dumbbell),5.0,8.0,,delts,6,0,0
1054,2025-07-08,Lateral Raise (Dumbbell),4.0,12.0,,delts,6,0,0
1055,2025-07-08,Lateral Raise (Dumbbell),4.0,9.0,,delts,5,0,0
1056,2025-07-08,Lateral Raise (Dumbbell),4.0,7.0,,delts,5,0,0
1057,2025-07-08,Lat Pulldown (Cable),35.0,10.0,,lats,47,1,1
1058,2025-07-08,Lat Pulldown (Cable),35.0,8.0,,lats,44,1,1
1059,2025-07-08,Lat Pulldown (Cable),30.0,10.0,,lats,40,1,1
1060,2025-07-08,Lat Pulldown (Cable),30.0,10.0,,lats,40,1,1
1061,2025-07-08,Bicep Curl (Dumbbell),7.0,2.0,,biceps,7,0,0
1062,2025-07-08,Bicep Curl (Dumbbell),6.0,2.0,,biceps,6,0,0
1063,2025-07-08,Bicep Curl (Dumbbell),5.0,9.0,,biceps,6,0,0
1064,2025-07-08,Bicep Curl (Dumbbell),5.0,5.0,,biceps,6,0,0
1065,2025-07-14,Lateral Raise (Dumbbell),5.0,8.0,,delts,6,0,0
1066,2025-07-14,Lateral Raise (Dumbbell),5.0,7.0,,delts,6,0,0
1067,2025-07-14,Lateral Raise (Dumbbell),4.0,9.0,,delts,5,0,0
1068,2025-07-14,Lateral Raise (Dumbbell),4.0,8.0,,delts,5,0,0
1069,2025-07-14,Bench Press (Smith Machine),29.0,6.0,,pecs,35,1,1
1070,2025-07-14,Bench Press (Smith Machine),26.5,6.0,,pecs,32,1,1
1071,2025-07-14,Bench Press (Smith Machine),24.0,7.0,,pecs,30,1,1
1072,2025-07-14,Bench Press (Smith Machine),24.0,7.0,,pecs,30,1,1
1073,2025-07-14,Triceps Press down (Rope),10.0,6.0,,triceps,12,1,1
1074,2025-07-14,Triceps Press down (Rope),7.5,10.0,,triceps,10,1,1
1075,2025-07-14,Triceps Press down (Rope),7.5,6.0,,triceps,9,1,1
1076,2025-07-14,Triceps Press down (Rope),5.0,10.0,,triceps,7,1,1
1077,2025-07-17,Hip Abductor (Machine),52.5,12.0,,abductors,74,1,1
1078,2025-07-17,Hip Abductor (Machine),52.5,12.0,,abductors,74,1,1
1079,2025-07-17,Hip Abductor (Machine),50.0,12.0,,abductors,70,1,1
1080,2025-07-17,Hip Abductor (Machine),50.0,10.0,,abductors,67,1,1
1081,2025-07-17,Hip Adductor (Machine),60.0,8.0,,adductors,76,1,1
1082,2025-07-17,Hip Adductor (Machine),50.0,10.0,,adductors,67,1,1
1083,2025-07-17,Hip Adductor (Machine),45.0,7.0,,adductors,56,1,1
1084,2025-07-17,Hip Adductor (Machine),40.0,12.0,,adductors,56,1,1
1085,2025-07-17,Seated Leg Press (Machine),59.9657353142867,13.0,Glutes bias,glutes,86,1,1
1086,2025-07-17,Seated Leg Press (Machine),79.80733891092568,14.0,,glutes,117,1,1
1087,2025-07-17,Seated Leg Press (Machine),79.80733891092568,14.0,,glutes,117,1,1
1088,2025-07-17,Seated Leg Press (Machine),99.86940476974954,1.0,,glutes,103,1,1
1089,2025-07-17,Seated Leg Press (Machine),79.80733891092568,7.0,,glutes,98,1,1
1090,2025-07-18,Lat Pulldown (Cable),35.0,7.0,,lats,43,1,1
1091,2025-07-18,Lat Pulldown (Cable),32.5,8.0,,lats,41,1,1
1092,2025-07-18,Lat Pulldown (Cable),30.0,6.0,,lats,36,1,1
1093,2025-07-18,Lat Pulldown (Cable),27.5,8.0,,lats,35,1,1
1094,2025-07-18,Bicep Curl (Dumbbell),5.0,12.0,,biceps,7,0,0
1095,2025-07-18,Bicep Curl (Dumbbell),6.0,8.0,,biceps,8,0,0
1096,2025-07-18,Bicep Curl (Dumbbell),5.0,10.0,,biceps,7,0,0
1097,2025-07-18,Bicep Curl (Dumbbell),5.0,8.0,,biceps,6,0,0
1098,2025-07-19,Leg Extension (Machine),39.90366945546284,7.0,,quads,49,1,1
1099,2025-07-19,Leg Extension (Machine),29.98286765714335,12.0,,quads,42,1,1
1100,2025-07-19,Leg Extension (Machine),29.98286765714335,10.0,,quads,40,1,1
1101,2025-07-19,Leg Extension (Machine),29.98286765714335,7.0,,quads,37,1,1
1102,2025-07-19,Leg Extension (Machine),19.841603596638983,5.0,,quads,23,1,1
1103,2025-07-19,Seated Leg Curl (Machine),59.9657353142867,9.0,,hamstrings,78,1,1
1104,2025-07-19,Seated Leg Curl (Machine),54.89510328403451,13.0,,hamstrings,79,1,1
1105,2025-07-19,Seated Leg Curl (Machine),54.89510328403451,7.0,,hamstrings,68,1,1
1106,2025-07-19,Seated Leg Curl (Machine),50.04493351596721,6.0,,hamstrings,60,1,1
1107,2025-07-19,Seated Leg Curl (Machine),54.89510328403451,8.0,,hamstrings,70,1,1
1108,2025-07-19,Seated Leg Curl (Machine),50.04493351596721,6.0,,hamstrings,60,1,1
1109,2025-07-19,Lateral Raise (Dumbbell),5.0,10.0,,delts,7,0,0
1110,2025-07-19,Lateral Raise (Dumbbell),5.0,7.0,,delts,6,0,0
1111,2025-07-19,Lateral Raise (Dumbbell),4.0,10.0,,delts,5,0,0
1112,2025-07-19,Lateral Raise (Dumbbell),4.0,8.0,,delts,5,0,0
1113,2025-07-19,Triceps Pushdown (^bar),7.5,9.0,,triceps,10,1,1
1114,2025-07-19,Triceps Pushdown (^bar),12.5,7.0,,triceps,15,1,1
1115,2025-07-19,Triceps Pushdown (^bar),10.0,7.0,,triceps,12,1,1
1116,2025-07-19,Triceps Pushdown (^bar),7.5,7.0,,triceps,9,1,1
1117,2025-07-19,Triceps Pushdown (^bar),6.0,5.0,,triceps,7,1,1
1118,2025-07-19,Bench Press (Smith Machine),29.0,6.0,,pecs,35,1,1
1119,2025-07-19,Bench Press (Smith Machine),29.0,6.0,,pecs,35,1,1
1120,2025-07-19,Bench Press (Smith Machine),27.5,5.0,,pecs,32,1,1
1121,2025-07-19,Bench Press (Smith Machine),24.0,7.0,,pecs,30,1,1
1122,2025-07-20,Hip Abductor (Machine),55.0,12.0,,abductors,77,1,1
1123,2025-07-20,Hip Abductor (Machine),55.0,9.0,,abductors,72,1,1
1124,2025-07-20,Hip Abductor (Machine),52.5,10.0,,abductors,70,1,1
1125,2025-07-20,Hip Abductor (Machine),52.5,6.0,,abductors,63,1,1
1126,2025-07-20,Hip Abductor (Machine),50.0,5.0,,abductors,58,1,1
1127,2025-07-20,Hip Adductor (Machine),60.0,14.0,,adductors,88,1,1
1128,2025-07-20,Hip Adductor (Machine),60.0,8.0,,adductors,76,1,1
1129,2025-07-20,Hip Adductor (Machine),55.0,7.0,,adductors,68,1,1
1130,2025-07-20,Hip Adductor (Machine),52.5,3.0,,adductors,58,1,1
1131,2025-07-20,Hip Adductor (Machine),50.0,7.0,,adductors,62,1,1
1132,2025-07-20,Hip Adductor (Machine),47.5,4.0,,adductors,54,1,1
1133,2025-07-20,Seated Leg Press (Machine),39.90366945546284,5.0,,glutes,47,1,1
1134,2025-07-20,Seated Leg Press (Machine),100.08986703193442,4.0,,glutes,113,1,1
1135,2025-07-20,Seated Leg Press (Machine),79.80733891092568,15.0,,glutes,120,1,1
1136,2025-07-20,Seated Leg Press (Machine),79.80733891092568,11.0,,glutes,109,1,1
1137,2025-07-20,Seated Leg Press (Machine),79.80733891092568,12.0,,glutes,112,1,1
1138,2025-07-20,Lat Pulldown (Cable),35.0,3.0,,lats,38,1,1
1139,2025-07-20,Lat Pulldown (Cable),32.5,4.0,,lats,37,1,1
1140,2025-07-20,Lat Pulldown (Cable),32.5,8.0,,lats,41,1,1
1141,2025-07-20,Lat Pulldown (Cable),30.0,8.0,,lats,38,1,1
1142,2025-07-20,Lat Pulldown (Cable),27.5,8.0,,lats,35,1,1
1143,2025-07-20,Lat Pulldown (Cable),25.0,9.0,,lats,32,1,1
1144,2025-07-20,Bicep Curl (Dumbbell),6.0,11.0,,biceps,8,0,0
1145,2025-07-20,Bicep Curl (Dumbbell),6.0,8.0,,biceps,8,0,0
1146,2025-07-20,Bicep Curl (Dumbbell),5.0,13.0,,biceps,7,0,0
1147,2025-07-20,Bicep Curl (Dumbbell),5.0,9.0,,biceps,6,0,0
1148,2025-07-21,Lateral Raise (Dumbbell),5.0,10.0,,delts,7,0,0
1149,2025-07-21,Lateral Raise (Dumbbell),5.0,7.0,,delts,6,0,0
1150,2025-07-21,Lateral Raise (Dumbbell),4.0,8.0,,delts,5,0,0
1151,2025-07-21,Lateral Raise (Dumbbell),4.0,11.0,,delts,5,0,0
1152,2025-07-21,Triceps Pushdown (^bar),10.0,13.0,,triceps,14,1,1
1153,2025-07-21,Triceps Pushdown (^bar),10.0,11.0,,triceps,14,1,1
1154,2025-07-21,Triceps Pushdown (^bar),10.0,8.0,,triceps,13,1,1
1155,2025-07-21,Triceps Pushdown (^bar),10.0,7.0,,triceps,12,1,1
1156,2025-07-21,Triceps Pushdown (^bar),8.5,2.0,,triceps,9,1,1
1157,2025-07-21,Bench Press (Dumbbell),10.0,14.0,,pecs,15,0,0
1158,2025-07-21,Bench Press (Dumbbell),10.0,11.0,,pecs,14,0,0
1159,2025-07-21,Bench Press (Dumbbell),10.0,9.0,,pecs,13,0,0
1160,2025-07-21,Bench Press (Dumbbell),9.0,9.0,,pecs,12,0,0
1161,2025-07-22,Leg Extension (Machine),39.90366945546284,8.0,,quads,51,1,1
1162,2025-07-22,Leg Extension (Machine),29.98286765714335,11.0,,quads,41,1,1
1163,2025-07-22,Leg Extension (Machine),29.98286765714335,10.0,,quads,40,1,1
1164,2025-07-22,Leg Extension (Machine),29.98286765714335,8.0,,quads,38,1,1
1165,2025-07-22,Seated Leg Curl (Machine),60.00982776672368,10.0,,hamstrings,80,1,1
1166,2025-07-22,Seated Leg Curl (Machine),55.00533441512695,14.0,,hamstrings,81,1,1
1167,2025-07-22,Seated Leg Curl (Machine),55.00533441512695,10.0,,hamstrings,73,1,1
1168,2025-07-22,Seated Leg Curl (Machine),55.00533441512695,6.0,,hamstrings,66,1,1
1169,2025-07-23,Lat Pulldown (Cable),30.0,5.0,,lats,35,1,1
1170,2025-07-23,Lat Pulldown (Cable),37.0,15.0,,lats,56,1,1
1171,2025-07-23,Lat Pulldown (Cable),37.0,13.0,,lats,53,1,1
1172,2025-07-23,Lat Pulldown (Cable),37.0,13.0,,lats,53,1,1
1173,2025-07-23,Lat Pulldown (Cable),37.0,13.0,,lats,53,1,1
1174,2025-07-23,Bicep Curl (Dumbbell),7.0,8.0,,biceps,9,0,0
1175,2025-07-23,Bicep Curl (Dumbbell),6.0,9.0,,biceps,8,0,0
1176,2025-07-23,Bicep Curl (Dumbbell),6.0,10.0,,biceps,8,0,0
1177,2025-07-23,Bicep Curl (Dumbbell),6.0,9.0,,biceps,8,0,0
1178,2025-07-24,Hip Abductor (Machine),55.0,11.0,,abductors,75,1,1
1179,2025-07-24,Hip Abductor (Machine),55.0,8.0,,abductors,70,1,1
1180,2025-07-24,Hip Abductor (Machine),52.5,12.0,,abductors,74,1,1
1181,2025-07-24,Hip Abductor (Machine),52.5,9.0,,abductors,68,1,1
1182,2025-07-24,Hip Adductor (Machine),60.0,13.0,,adductors,86,1,1
1183,2025-07-24,Hip Adductor (Machine),60.0,8.0,,adductors,76,1,1
1184,2025-07-24,Hip Adductor (Machine),55.0,8.0,,adductors,70,1,1
1185,2025-07-24,Hip Adductor (Machine),55.0,6.0,,adductors,66,1,1
1186,2025-07-24,Hip Adductor (Machine),52.5,3.0,,adductors,58,1,1
1187,2025-07-24,Seated Leg Press (Machine),44.09,8.0,,glutes,56,1,1
1188,2025-07-24,Seated Leg Press (Machine),100.09,7.0,,glutes,123,1,1
1189,2025-07-24,Seated Leg Press (Machine),79.81,16.0,,glutes,122,1,1
1190,2025-07-24,Seated Leg Press (Machine),79.81,15.0,,glutes,120,1,1
1191,2025-07-24,Seated Leg Press (Machine),100.0,4.0,,glutes,113,1,1
1192,2025-07-24,Seated Leg Press (Machine),80.0,9.0,,glutes,104,1,1
1193,2025-07-25,Lateral Raise (Dumbbell),5.0,10.0,,delts,7,0,0
1194,2025-07-25,Lateral Raise (Dumbbell),5.0,10.0,,delts,7,0,0
1195,2025-07-25,Lateral Raise (Dumbbell),5.0,8.0,,delts,6,0,0
1196,2025-07-25,Lateral Raise (Dumbbell),5.0,7.0,,delts,6,0,0
1197,2025-07-25,Triceps Press down (Rope),15.0,10.0,,triceps,20,1,1
1198,2025-07-25,Triceps Press down (Rope),20.0,14.0,,triceps,29,1,1
1199,2025-07-25,Triceps Press down (Rope),20.0,13.0,,triceps,29,1,1
1200,2025-07-25,Triceps Press down (Rope),20.0,10.0,,triceps,27,1,1
1201,2025-07-25,Triceps Press down (Rope),20.0,12.0,,triceps,28,1,1
1202,2025-07-25,Incline Bench Press (Machine),50.0,4.0,,pecs,57,1,1
1203,2025-07-25,Incline Bench Press (Machine),30.0,4.0,,pecs,34,1,1
1204,2025-07-25,Incline Bench Press (Machine),35.0,8.0,,pecs,44,1,1
1205,2025-07-25,Incline Bench Press (Machine),35.0,6.0,,pecs,42,1,1
1206,2025-07-25,Incline Bench Press (Machine),30.0,7.0,,pecs,37,1,1
1207,2025-07-25,Seated Leg Curl (Machine),60.0,11.0,,hamstrings,82,1,1
1208,2025-07-25,Seated Leg Curl (Machine),60.0,10.0,,hamstrings,80,1,1
1209,2025-07-25,Seated Leg Curl (Machine),60.0,7.0,,hamstrings,74,1,1
1210,2025-07-25,Seated Leg Curl (Machine),50.0,7.0,,hamstrings,62,1,1
1211,2025-07-25,Seated Leg Curl (Machine),50.0,11.0,,hamstrings,68,1,1
1212,2025-07-25,Seated Leg Curl (Machine),50.0,10.0,,hamstrings,67,1,1
1213,2025-07-25,Leg Extension (Machine),40.0,5.0,,quads,47,1,1
1214,2025-07-25,Leg Extension (Machine),30.0,8.0,,quads,38,1,1
1215,2025-07-25,Leg Extension (Machine),30.0,10.0,,quads,40,1,1
1216,2025-07-25,Leg Extension (Machine),30.0,8.0,,quads,38,1,1
1217,2025-07-25,Leg Extension (Machine),20.0,11.0,,quads,27,1,1
1218,2025-07-26,Hip Abductor (Machine),55.0,14.0,,abductors,81,1,1
1219,2025-07-26,Hip Abductor (Machine),55.0,12.0,,abductors,77,1,1
1220,2025-07-26,Hip Abductor (Machine),55.0,9.0,,abductors,72,1,1
1221,2025-07-26,Hip Abductor (Machine),55.0,11.0,,abductors,75,1,1
1222,2025-07-26,Hip Adductor (Machine),60.0,16.0,,adductors,92,1,1
1223,2025-07-26,Hip Adductor (Machine),60.0,11.0,,adductors,82,1,1
1224,2025-07-26,Hip Adductor (Machine),60.0,8.0,,adductors,76,1,1
1225,2025-07-26,Hip Adductor (Machine),55.0,7.0,,adductors,68,1,1
1226,2025-07-26,Seated Leg Press (Machine),40.0,5.0,,glutes,47,1,1
1227,2025-07-26,Seated Leg Press (Machine),100.09,9.0,,glutes,130,1,1
1228,2025-07-26,Seated Leg Press (Machine),79.81,18.0,,glutes,128,1,1
1229,2025-07-26,Seated Leg Press (Machine),79.81,17.0,,glutes,125,1,1
1230,2025-07-26,Seated Leg Press (Machine),100.0,4.0,,glutes,113,1,1
1231,2025-07-26,Seated Leg Press (Machine),80.0,13.0,,glutes,115,1,1
1232,2025-07-27,Lat Pulldown (Cable),45.0,11.0,,lats,62,1,1
1233,2025-07-27,Lat Pulldown (Cable),45.0,9.0,,lats,58,1,1
1234,2025-07-27,Lat Pulldown (Cable),45.0,8.0,,lats,57,1,1
1235,2025-07-27,Lat Pulldown (Cable),37.0,9.0,,lats,48,1,1
1236,2025-07-27,Bicep Curl (Dumbbell),7.0,9.0,,biceps,9,0,0
1237,2025-07-27,Bicep Curl (Dumbbell),6.0,13.0,,biceps,9,0,0
1238,2025-07-27,Bicep Curl (Dumbbell),6.0,11.0,,biceps,8,0,0
1239,2025-07-27,Bicep Curl (Dumbbell),6.0,11.0,,biceps,8,0,0
1240,2025-07-28,Lateral Raise (Dumbbell),5.0,13.0,,delts,7,0,0
1241,2025-07-28,Lateral Raise (Dumbbell),5.0,9.0,,delts,6,0,0
1242,2025-07-28,Lateral Raise (Dumbbell),5.0,6.0,,delts,6,0,0
1243,2025-07-28,Lateral Raise (Dumbbell),4.0,10.0,,delts,5,0,0
1244,2025-07-28,Bench Press (Dumbbell),10.0,16.0,,pecs,15,0,0
1245,2025-07-28,Bench Press (Dumbbell),10.0,13.0,,pecs,14,0,0
1246,2025-07-28,Bench Press (Dumbbell),10.0,11.0,,pecs,14,0,0
1247,2025-07-28,Bench Press (Dumbbell),10.0,10.0,,pecs,13,0,0
1248,2025-07-28,Triceps Extension (Cable),18.0,8.0,,triceps,23,1,1
1249,2025-07-28,Triceps Extension (Cable),18.0,11.0,,triceps,25,1,1
1250,2025-07-28,Triceps Extension (Cable),18.0,10.0,,triceps,24,1,1
1251,2025-07-28,Triceps Extension (Cable),18.0,9.0,,triceps,23,1,1
1252,2025-07-28,Leg Extension (Machine),40.0,6.0,,quads,48,1,1
1253,2025-07-28,Leg Extension (Machine),30.0,4.0,,quads,34,1,1
1254,2025-07-28,Leg Extension (Machine),30.0,12.0,,quads,42,1,1
1255,2025-07-28,Leg Extension (Machine),30.0,12.0,,quads,42,1,1
1256,2025-07-28,Leg Extension (Machine),30.0,11.0,,quads,41,1,1
1257,2025-07-28,Seated Leg Curl (Machine),60.0,14.0,,hamstrings,88,1,1
1258,2025-07-28,Seated Leg Curl (Machine),60.0,10.0,,hamstrings,80,1,1
1259,2025-07-28,Seated Leg Curl (Machine),60.0,10.0,,hamstrings,80,1,1
1260,2025-07-28,Seated Leg Curl (Machine),60.0,8.0,,hamstrings,76,1,1
1261,2025-07-29,Hip Abductor (Machine),57.5,11.0,,abductors,79,1,1
1262,2025-07-29,Hip Abductor (Machine),55.0,4.0,,abductors,62,1,1
1263,2025-07-29,Hip Abductor (Machine),57.5,10.0,,abductors,77,1,1
1264,2025-07-29,Hip Abductor (Machine),57.5,9.0,,abductors,75,1,1
1265,2025-07-29,Hip Abductor (Machine),55.0,9.0,,abductors,72,1,1
1266,2025-07-29,Hip Adductor (Machine),60.0,14.0,Changed pads so more stretch,adductors,88,1,1
1267,2025-07-29,Hip Adductor (Machine),60.0,8.0,,adductors,76,1,1
1268,2025-07-29,Hip Adductor (Machine),60.0,7.0,,adductors,74,1,1
1269,2025-07-29,Hip Adductor (Machine),55.0,3.0,,adductors,61,1,1
1270,2025-07-29,Hip Adductor (Machine),55.0,8.0,,adductors,70,1,1
1271,2025-07-29,Seated Leg Press (Machine),40.0,5.0,,glutes,47,1,1
1272,2025-07-29,Seated Leg Press (Machine),100.09,6.0,,glutes,120,1,1
1273,2025-07-29,Seated Leg Press (Machine),79.81,25.0,,glutes,146,1,1
1274,2025-07-29,Seated Leg Press (Machine),79.81,19.0,,glutes,130,1,1
1275,2025-07-29,Seated Leg Press (Machine),80.0,17.0,,glutes,125,1,1
1276,2025-07-31,Bicep Curl (Dumbbell),7.0,12.0,,biceps,10,0,0
1277,2025-07-31,Bicep Curl (Dumbbell),7.0,9.0,,biceps,9,0,0
1278,2025-07-31,Bicep Curl (Dumbbell),6.0,11.0,,biceps,8,0,0
1279,2025-07-31,Bicep Curl (Dumbbell),6.0,9.0,,biceps,8,0,0
1280,2025-07-31,Lat Pulldown (Cable),45.0,10.0,,lats,60,1,1
1281,2025-07-31,Lat Pulldown (Cable),45.0,7.0,,lats,56,1,1
1282,2025-07-31,Lat Pulldown (Cable),37.0,10.0,,lats,49,1,1
1283,2025-07-31,Lat Pulldown (Cable),37.0,10.0,,lats,49,1,1
1284,2025-08-03,Lateral Raise (Cable),5.0,13.0,Right arm,delts,7,1,1
1285,2025-08-03,Lateral Raise (Cable),5.0,15.0,,delts,8,1,1
1286,2025-08-03,Lateral Raise (Cable),10.0,2.0,,delts,11,1,1
1287,2025-08-03,Lateral Raise (Cable),5.0,11.0,,delts,7,1,1
1288,2025-08-03,Lateral Raise (Cable),5.0,10.0,,delts,7,1,1
1289,2025-08-03,Lateral Raise (Cable),5.0,14.0,Left arm,delts,7,1,1
1290,2025-08-03,Lateral Raise (Cable),5.0,15.0,,delts,8,1,1
1291,2025-08-03,Lateral Raise (Cable),10.0,4.0,,delts,11,1,1
1292,2025-08-03,Lateral Raise (Cable),5.0,8.0,,delts,6,1,1
1293,2025-08-03,Lateral Raise (Cable),5.0,11.0,,delts,7,1,1
1294,2025-08-03,Bench Press (Dumbbell),10.0,17.0,,pecs,16,0,0
1295,2025-08-03,Bench Press (Dumbbell),10.0,11.0,,pecs,14,0,0
1296,2025-08-03,Bench Press (Dumbbell),10.0,11.0,,pecs,14,0,0
1297,2025-08-03,Bench Press (Dumbbell),10.0,8.0,,pecs,13,0,0
1298,2025-08-03,Triceps Pushdown (^bar),15.0,20.0,,triceps,25,1,1
1299,2025-08-03,Triceps Pushdown (^bar),20.0,14.0,,triceps,29,1,1
1300,2025-08-03,Triceps Pushdown (^bar),25.0,10.0,,triceps,33,1,1
1301,2025-08-03,Triceps Pushdown (^bar),25.0,12.0,,triceps,35,1,1
1302,2025-08-05,Lat Pulldown (Cable),30.0,8.0,,lats,38,1,1
1303,2025-08-05,Lat Pulldown (Cable),27.75,12.0,,lats,39,1,1
1304,2025-08-05,Lat Pulldown (Cable),27.75,11.0,,lats,38,1,1
1305,2025-08-05,Lat Pulldown (Cable),27.75,9.0,,lats,36,1,1
1306,2025-08-05,Bicep Curl (Dumbbell),7.0,13.0,,biceps,10,0,0
1307,2025-08-05,Bicep Curl (Dumbbell),7.0,7.0,,biceps,9,0,0
1308,2025-08-05,Bicep Curl (Dumbbell),6.0,9.0,,biceps,8,0,0
1309,2025-08-05,Bicep Curl (Dumbbell),6.0,7.0,,biceps,7,0,0
1310,2025-08-05,Hip Adductor (Machine),69.5,9.0,,adductors,90,1,1
1311,2025-08-05,Hip Adductor (Machine),67.0,7.0,,adductors,83,1,1
1312,2025-08-05,Hip Adductor (Machine),60.0,10.0,,adductors,80,1,1
1313,2025-08-05,Hip Adductor (Machine),57.5,8.0,,adductors,73,1,1
1314,2025-08-05,Hip Abductor (Machine),57.5,13.0,,abductors,82,1,1
1315,2025-08-05,Hip Abductor (Machine),57.5,10.0,,abductors,77,1,1
1316,2025-08-05,Hip Abductor (Machine),52.5,11.0,,abductors,72,1,1
1317,2025-08-05,Hip Abductor (Machine),52.5,9.0,,abductors,68,1,1
1318,2025-08-05,Seated Leg Press (Machine),40.0,5.0,,glutes,47,1,1
1319,2025-08-05,Seated Leg Press (Machine),100.0,10.0,,glutes,133,1,1
1320,2025-08-05,Seated Leg Press (Machine),100.0,5.0,,glutes,117,1,1
1321,2025-08-05,Seated Leg Press (Machine),80.0,9.0,,glutes,104,1,1
1322,2025-08-05,Seated Leg Press (Machine),80.0,11.0,,glutes,109,1,1
1323,2025-08-05,Seated Leg Press (Machine),80.0,12.0,,glutes,112,1,1
1324,2025-08-07,Leg Extension (Machine),40.0,9.0,,quads,52,1,1
1325,2025-08-07,Leg Extension (Machine),30.0,10.0,,quads,40,1,1
1326,2025-08-07,Leg Extension (Machine),30.0,9.0,,quads,39,1,1
1327,2025-08-07,Leg Extension (Machine),30.0,10.0,,quads,40,1,1
1328,2025-08-07,Seated Leg Curl (Machine),60.0,10.0,,hamstrings,80,1,1
1329,2025-08-07,Seated Leg Curl (Machine),60.0,8.0,,hamstrings,76,1,1
1330,2025-08-07,Seated Leg Curl (Machine),55.0,9.0,,hamstrings,72,1,1
1331,2025-08-07,Seated Leg Curl (Machine),50.0,8.0,,hamstrings,63,1,1
1332,2025-08-08,Lateral Raise (Dumbbell),5.0,10.0,,delts,7,0,0
1333,2025-08-08,Lateral Raise (Dumbbell),5.0,9.0,,delts,6,0,0
1334,2025-08-08,Lateral Raise (Dumbbell),5.0,8.0,,delts,6,0,0
1335,2025-08-08,Lateral Raise (Dumbbell),4.0,9.0,,delts,5,0,0
1336,2025-08-08,Lateral Raise (Dumbbell),3.0,18.0,,delts,5,0,0
1337,2025-08-08,Bench Press (Dumbbell),10.0,15.0,,pecs,15,0,0
1338,2025-08-08,Bench Press (Dumbbell),10.0,14.0,,pecs,15,0,0
1339,2025-08-08,Bench Press (Dumbbell),10.0,13.0,,pecs,14,0,0
1340,2025-08-08,Bench Press (Dumbbell),10.0,8.0,,pecs,13,0,0
1341,2025-08-08,Bench Press (Dumbbell),8.0,17.0,,pecs,13,0,0
1342,2025-08-08,Triceps Extension (Cable),20.0,8.0,,triceps,25,1,1
1343,2025-08-08,Triceps Extension (Cable),15.0,12.0,,triceps,21,1,1
1344,2025-08-08,Triceps Extension (Cable),15.0,8.0,,triceps,19,1,1
1345,2025-08-08,Triceps Extension (Cable),10.0,11.0,,triceps,14,1,1
1346,2025-08-08,Triceps Extension (Cable),5.0,15.0,,triceps,8,1,1
1347,2025-08-09,Hip Adductor (Machine),67.5,11.0,,adductors,92,1,1
1348,2025-08-09,Hip Adductor (Machine),67.5,7.0,,adductors,83,1,1
1349,2025-08-09,Hip Adductor (Machine),60.0,4.0,,adductors,68,1,1
1350,2025-08-09,Hip Adductor (Machine),60.0,7.0,,adductors,74,1,1
1351,2025-08-09,Hip Adductor (Machine),55.0,4.0,,adductors,62,1,1
1352,2025-08-09,Hip Adductor (Machine),55.0,8.0,,adductors,70,1,1
1353,2025-08-09,Hip Abductor (Machine),60.0,12.0,,abductors,84,1,1
1354,2025-08-09,Hip Abductor (Machine),60.0,8.0,,abductors,76,1,1
1355,2025-08-09,Hip Abductor (Machine),55.0,4.0,,abductors,62,1,1
1356,2025-08-09,Hip Abductor (Machine),55.0,11.0,,abductors,75,1,1
1357,2025-08-09,Hip Abductor (Machine),55.0,10.0,,abductors,73,1,1
1358,2025-08-09,Hack Squat,0.0,8.0,,Hack Squat,0,1,1
1359,2025-08-09,Hack Squat,0.0,5.0,,Hack Squat,0,1,1
1360,2025-08-09,Seated Leg Press (Machine),40.0,5.0,,glutes,47,1,1
1361,2025-08-09,Seated Leg Press (Machine),100.0,7.0,,glutes,123,1,1
1362,2025-08-09,Seated Leg Press (Machine),100.0,11.0,,glutes,137,1,1
1363,2025-08-09,Seated Leg Press (Machine),100.0,6.0,,glutes,120,1,1
1364,2025-08-09,Seated Leg Press (Machine),80.0,5.0,,glutes,93,1,1
1365,2025-08-09,Seated Leg Press (Machine),80.0,8.0,,glutes,101,1,1
1366,2025-08-10,Lat Pulldown (Cable),30.0,12.0,,lats,42,1,1
1367,2025-08-10,Lat Pulldown (Cable),30.0,9.0,,lats,39,1,1
1368,2025-08-10,Lat Pulldown (Cable),27.75,11.0,,lats,38,1,1
1369,2025-08-10,Lat Pulldown (Cable),27.75,9.0,,lats,36,1,1
1370,2025-08-10,Bicep Curl (Dumbbell),8.0,8.0,,biceps,10,0,0
1371,2025-08-10,Bicep Curl (Dumbbell),7.0,3.0,,biceps,8,0,0
1372,2025-08-10,Bicep Curl (Dumbbell),7.0,9.0,,biceps,9,0,0
1373,2025-08-10,Bicep Curl (Dumbbell),7.0,8.0,,biceps,9,0,0
1374,2025-08-10,Bicep Curl (Dumbbell),7.0,8.0,,biceps,9,0,0
1375,2025-08-10,Leg Extension (Machine),40.0,10.0,,quads,53,1,1
1376,2025-08-10,Leg Extension (Machine),40.0,8.0,,quads,51,1,1
1377,2025-08-10,Leg Extension (Machine),30.0,9.0,,quads,39,1,1
1378,2025-08-10,Leg Extension (Machine),30.0,9.0,,quads,39,1,1
1379,2025-08-10,Leg Extension (Machine),20.0,14.0,,quads,29,1,1
1380,2025-08-10,Seated Calf Raise (Plate Loaded),10.0,30.0,,calf,20,1,1
1381,2025-08-10,Seated Calf Raise (Plate Loaded),20.0,30.0,,calf,40,1,1
1382,2025-08-10,Seated Calf Raise (Plate Loaded),30.0,17.0,,calf,47,1,1
1383,2025-08-10,Seated Calf Raise (Plate Loaded),25.0,30.0,,calf,50,1,1
1384,2025-08-10,Seated Calf Raise (Plate Loaded),30.0,14.0,,calf,44,1,1
1385,2025-08-10,Seated Leg Curl (Machine),60.0,11.0,,hamstrings,82,1,1
1386,2025-08-10,Seated Leg Curl (Machine),60.0,10.0,,hamstrings,80,1,1
1387,2025-08-10,Seated Leg Curl (Machine),60.0,9.0,,hamstrings,78,1,1
1388,2025-08-10,Seated Leg Curl (Machine),55.0,9.0,,hamstrings,72,1,1
1389,2025-08-10,Seated Leg Curl (Machine),40.0,19.0,,hamstrings,65,1,1
1390,2025-08-11,Lateral Raise (Dumbbell),5.0,8.0,,delts,6,0,0
1391,2025-08-11,Lateral Raise (Dumbbell),5.0,8.0,,delts,6,0,0
1392,2025-08-11,Lateral Raise (Dumbbell),4.0,10.0,,delts,5,0,0
1393,2025-08-11,Lateral Raise (Dumbbell),4.0,9.0,,delts,5,0,0
1394,2025-08-11,Lateral Raise (Dumbbell),3.0,16.0,,delts,5,0,0
1395,2025-08-11,Bench Press (Dumbbell),11.0,16.0,,pecs,17,0,0
1396,2025-08-11,Bench Press (Dumbbell),11.0,14.0,,pecs,16,0,0
1397,2025-08-11,Bench Press (Dumbbell),11.0,9.0,,pecs,14,0,0
1398,2025-08-11,Bench Press (Dumbbell),11.0,8.0,,pecs,14,0,0
1399,2025-08-11,Bench Press (Dumbbell),10.0,13.0,,pecs,14,0,0
1400,2025-08-11,Triceps Extension (Cable),20.0,8.0,,triceps,25,1,1
1401,2025-08-11,Triceps Extension (Cable),15.0,12.0,,triceps,21,1,1
1402,2025-08-11,Triceps Extension (Cable),15.0,11.0,,triceps,20,1,1
1403,2025-08-11,Triceps Extension (Cable),15.0,9.0,,triceps,20,1,1
1404,2025-08-11,Triceps Extension (Cable),10.0,16.0,,triceps,15,1,1
1405,2025-08-14,Cable Crunch,20.0,20.0,Physio- aim for 20,abs,33,1,1
1406,2025-08-14,Cable Crunch,30.0,20.0,,abs,50,1,1
1407,2025-08-14,Cable Crunch,40.0,20.0,,abs,67,1,1
1408,2025-08-14,Cable Crunch,50.0,20.0,,abs,83,1,1
1409,2025-08-14,Hip Abductor (Machine),62.5,10.0,,abductors,83,1,1
1410,2025-08-14,Hip Abductor (Machine),60.0,10.0,,abductors,80,1,1
1411,2025-08-14,Hip Abductor (Machine),60.0,9.0,,abductors,78,1,1
1412,2025-08-14,Hip Abductor (Machine),55.0,14.0,,abductors,81,1,1
1413,2025-08-14,Hip Abductor (Machine),52.5,13.0,,abductors,75,1,1
1414,2025-08-14,Hip Adductor (Machine),67.5,10.0,,adductors,90,1,1
1415,2025-08-14,Hip Adductor (Machine),62.5,9.0,,adductors,81,1,1
1416,2025-08-14,Hip Adductor (Machine),60.0,7.0,,adductors,74,1,1
1417,2025-08-14,Hip Adductor (Machine),55.0,10.0,,adductors,73,1,1
1418,2025-08-14,Hip Adductor (Machine),50.0,11.0,,adductors,68,1,1
1419,2025-08-14,Seated Leg Press (Machine),40.0,5.0,,glutes/quads,47,1,1
1420,2025-08-14,Seated Leg Press (Machine),100.0,14.0,,glutes/quads,147,1,1
1421,2025-08-14,Seated Leg Press (Machine),100.0,10.0,,glutes/quads,133,1,1
1422,2025-08-14,Seated Leg Press (Machine),100.0,9.0,,glutes/quads,130,1,1
1423,2025-08-14,Seated Leg Press (Machine),100.0,8.0,,glutes/quads,127,1,1
1424,2025-08-14,Seated Leg Press (Machine),80.0,16.0,,glutes/quads,123,1,1
1425,2025-08-15,Lat Pulldown (Cable),32.5,10.0,,lats,43,1,1
1426,2025-08-15,Lat Pulldown (Cable),32.5,8.0,,lats,41,1,1
1427,2025-08-15,Lat Pulldown (Cable),30.0,9.0,,lats,39,1,1
1428,2025-08-15,Lat Pulldown (Cable),30.0,8.0,,lats,38,1,1
1429,2025-08-15,Bicep Curl (Dumbbell),8.0,10.0,,biceps,11,0,0
1430,2025-08-15,Bicep Curl (Dumbbell),8.0,6.0,,biceps,10,0,0
1431,2025-08-15,Bicep Curl (Dumbbell),7.0,8.0,,biceps,9,0,0
1432,2025-08-15,Bicep Curl (Dumbbell),7.0,6.0,,biceps,8,0,0
