Date,Exercise Name,Weight,Reps
2024-09-19,Hip Abductor (Machine),55.0,10.0
2024-09-19,Hip Abductor (Machine),65.0,10.0
2024-09-19,Hip Abductor (Machine),65.0,10.0
2024-09-19,Seated Leg Curl (Machine),77.16,8.0
2024-09-19,Seated Leg Curl (Machine),77.16,11.0
2024-09-19,Seated Leg Curl (Machine),77.16,10.0
2024-09-19,Seated Leg Curl (Machine),55.12,7.0
2024-09-19,Seated Leg Curl (Machine),38.58,10.0
2024-09-19,Seated Leg Curl (Machine),44.09,8.0
2024-09-19,Calf Stretch,65.0,1.0
2024-09-19,Calf Stretch,65.0,1.0
2024-09-19,Calf Stretch,65.0,1.0
2024-09-19,Calf Stretch,65.0,1.0
2024-09-23,Lat Pulldown (Cable),33.0,12.0
2024-09-23,Lat Pulldown (Cable),33.0,15.0
2024-09-23,Lat Pulldown (Cable),33.0,13.0
2024-09-23,Lat Pulldown (Cable),33.0,13.0
2024-09-23,Triceps Press down (Rope),11.25,10.0
2024-09-23,Triceps Press down (Rope),11.25,12.0
2024-09-23,Triceps Press down (Rope),11.25,9.0
2024-09-23,Triceps Press down (Rope),11.25,10.0
2024-09-23,Lateral Raise (Dumbbell),2.5,14.0
2024-09-23,Lateral Raise (Dumbbell),2.5,10.0
2024-09-23,Lateral Raise (Dumbbell),2.5,11.0
2024-09-23,Lateral Raise (Dumbbell),2.5,11.0
2024-09-24,Chest Press (Machine),25.0,14.0
2024-09-24,Chest Press (Machine),25.0,11.0
2024-09-24,Chest Press (Machine),25.0,14.0
2024-09-24,Chest Press (Machine),20.0,12.0
2024-09-24,Hammer Curl (Dumbbell),5.0,12.0
2024-09-24,Hammer Curl (Dumbbell),7.5,8.0
2024-09-24,Hammer Curl (Dumbbell),7.0,9.0
2024-09-24,Hammer Curl (Dumbbell),7.5,12.0
2024-09-24,Abdominal Machine,25.0,14.0
2024-09-24,Abdominal Machine,25.0,15.0
2024-09-24,Abdominal Machine,25.0,13.0
2024-09-24,Abdominal Machine,25.0,11.0
2024-09-25,Triceps Press down (Rope),11.25,9.0
2024-09-25,Triceps Press down (Rope),11.25,18.0
2024-09-25,Triceps Press down (Rope),11.25,11.0
2024-09-25,Triceps Press down (Rope),11.25,14.0
2024-09-25,Lateral Raise (Dumbbell),2.5,13.0
2024-09-25,Lateral Raise (Dumbbell),2.5,13.0
2024-09-25,Lateral Raise (Dumbbell),2.5,10.0
2024-09-25,Lateral Raise (Dumbbell),2.5,11.0
2024-09-25,Lat Pulldown (Cable),33.0,12.0
2024-09-25,Lat Pulldown (Cable),33.0,12.0
2024-09-25,Lat Pulldown (Cable),33.0,10.0
2024-09-25,Lat Pulldown (Cable),33.0,10.0
2024-09-25,Calf Stretch,65.0,1.0
2024-09-25,Calf Stretch,65.0,1.0
2024-09-25,Calf Stretch,65.0,1.0
2024-09-25,Calf Stretch,65.0,1.0
2024-09-27,Hammer Curl (Dumbbell),7.0,10.0
2024-09-27,Hammer Curl (Dumbbell),7.0,12.0
2024-09-27,Hammer Curl (Dumbbell),7.0,14.0
2024-09-27,Hammer Curl (Dumbbell),7.0,11.0
2024-09-27,Chest Press (Machine),30.0,13.0
2024-09-27,Chest Press (Machine),30.0,11.0
2024-09-27,Chest Press (Machine),25.0,11.0
2024-09-27,Chest Press (Machine),30.0,9.0
2024-09-27,Abdominal Machine,30.0,11.0
2024-09-27,Abdominal Machine,30.0,9.0
2024-09-27,Abdominal Machine,30.0,10.0
2024-09-27,Calf Stretch,70.0,1.0
2024-09-27,Calf Stretch,70.0,1.0
2024-09-27,Calf Stretch,70.0,1.0
2024-09-27,Calf Stretch,70.0,1.0
2024-09-30,Lat Pulldown (Cable),40.0,7.0
2024-09-30,Lat Pulldown (Cable),33.0,12.0
2024-09-30,Lat Pulldown (Cable),33.0,13.0
2024-09-30,Lat Pulldown (Cable),33.0,12.0
2024-09-30,Triceps Extension (Dumbbell),11.25,13.0
2024-09-30,Triceps Extension (Dumbbell),11.25,11.0
2024-09-30,Triceps Extension (Dumbbell),11.25,10.0
2024-09-30,Triceps Extension (Dumbbell),11.25,10.0
2024-09-30,Lateral Raise (Dumbbell),2.5,10.0
2024-09-30,Lateral Raise (Dumbbell),2.5,9.0
2024-09-30,Lateral Raise (Dumbbell),2.5,10.0
2024-09-30,Lateral Raise (Dumbbell),2.5,13.0
2024-09-30,Hip Abductor (Machine),55.0,10.0
2024-09-30,Hip Abductor (Machine),65.0,6.0
2024-09-30,Hip Abductor (Machine),55.0,10.0
2024-09-30,Leg Extension (Machine),44.09,9.0
2024-09-30,Leg Extension (Machine),44.09,11.0
2024-09-30,Leg Extension (Machine),55.12,6.0
2024-09-30,Seated Leg Curl (Machine),55.12,9.0
2024-09-30,Seated Leg Curl (Machine),55.12,12.0
2024-09-30,Seated Leg Curl (Machine),55.12,15.0
2024-09-30,Calf Stretch,65.0,1.0
2024-09-30,Calf Stretch,65.0,1.0
2024-09-30,Calf Stretch,65.0,1.0
2024-09-30,Calf Stretch,65.0,1.0
2024-10-01,Chest Press (Machine),25.0,11.0
2024-10-01,Chest Press (Machine),30.0,17.0
2024-10-01,Chest Press (Machine),25.0,13.0
2024-10-01,Chest Press (Machine),30.0,8.0
2024-10-01,Abdominal Machine,25.0,13.0
2024-10-01,Abdominal Machine,25.0,12.0
2024-10-01,Abdominal Machine,30.0,8.0
2024-10-01,Hammer Curl (Dumbbell),7.0,14.0
2024-10-01,Hammer Curl (Dumbbell),7.0,9.0
2024-10-01,Hammer Curl (Dumbbell),7.0,13.0
2024-10-01,Hammer Curl (Dumbbell),7.0,13.0
2024-10-02,Lat Pulldown (Cable),22.5,10.0
2024-10-02,Lat Pulldown (Cable),22.5,11.0
2024-10-02,Lat Pulldown (Cable),25.0,9.0
2024-10-02,Lat Pulldown (Cable),22.5,10.0
2024-10-02,Triceps Extension (Dumbbell),5.0,11.0
2024-10-02,Triceps Extension (Dumbbell),5.0,13.0
2024-10-02,Triceps Extension (Dumbbell),5.0,10.0
2024-10-02,Triceps Extension (Dumbbell),5.0,11.0
2024-10-02,Lateral Raise (Dumbbell),2.0,15.0
2024-10-02,Lateral Raise (Dumbbell),2.0,10.0
2024-10-02,Lateral Raise (Dumbbell),2.0,11.0
2024-10-02,Lateral Raise (Dumbbell),2.0,11.0
2024-10-04,Chest Press (Machine),30.0,12.0
2024-10-04,Chest Press (Machine),30.0,13.0
2024-10-04,Chest Press (Machine),25.0,13.0
2024-10-04,Chest Press (Machine),30.0,8.0
2024-10-04,Hammer Curl (Dumbbell),7.0,13.0
2024-10-04,Hammer Curl (Dumbbell),7.0,12.0
2024-10-04,Hammer Curl (Dumbbell),7.0,10.0
2024-10-04,Hammer Curl (Dumbbell),7.0,10.0
2024-10-07,Lat Pulldown (Cable),33.0,12.0
2024-10-07,Lat Pulldown (Cable),33.0,17.0
2024-10-07,Lat Pulldown (Cable),33.0,16.0
2024-10-07,Lat Pulldown (Cable),33.0,14.0
2024-10-07,Lateral Raise (Dumbbell),3.0,11.0
2024-10-07,Lateral Raise (Dumbbell),2.5,10.0
2024-10-07,Lateral Raise (Dumbbell),2.5,9.0
2024-10-07,Lateral Raise (Dumbbell),3.0,8.0
2024-10-07,Triceps Extension (Dumbbell),11.25,13.0
2024-10-07,Triceps Extension (Dumbbell),11.25,14.0
2024-10-07,Triceps Extension (Dumbbell),11.25,14.0
2024-10-07,Triceps Extension (Dumbbell),11.25,12.0
2024-10-08,Chest Press (Machine),30.0,8.0
2024-10-08,Chest Press (Machine),30.0,9.0
2024-10-08,Chest Press (Machine),30.0,9.0
2024-10-08,Chest Press (Machine),30.0,14.0
2024-10-08,Abdominal Machine,30.0,11.0
2024-10-08,Abdominal Machine,30.0,9.0
2024-10-08,Abdominal Machine,30.0,11.0
2024-10-08,Hammer Curl (Dumbbell),7.5,9.0
2024-10-08,Hammer Curl (Dumbbell),7.5,14.0
2024-10-08,Hammer Curl (Dumbbell),7.5,12.0
2024-10-08,Hammer Curl (Dumbbell),6.0,11.0
2024-10-10,Lat Pulldown (Cable),40.0,15.0
2024-10-10,Lat Pulldown (Cable),33.0,13.0
2024-10-10,Lat Pulldown (Cable),40.0,12.0
2024-10-10,Lat Pulldown (Cable),40.0,7.0
2024-10-10,Triceps Extension (Dumbbell),13.75,14.0
2024-10-10,Triceps Extension (Dumbbell),13.75,7.0
2024-10-10,Triceps Extension (Dumbbell),11.25,13.0
2024-10-10,Triceps Extension (Dumbbell),11.25,13.0
2024-10-10,Lateral Raise (Dumbbell),3.0,17.0
2024-10-10,Lateral Raise (Dumbbell),3.0,13.0
2024-10-10,Lateral Raise (Dumbbell),3.0,9.0
2024-10-10,Lateral Raise (Dumbbell),3.0,10.0
2024-10-11,Chest Press (Machine),30.0,13.0
2024-10-11,Chest Press (Machine),30.0,13.0
2024-10-11,Chest Press (Machine),30.0,10.0
2024-10-11,Chest Press (Machine),30.0,16.0
2024-10-11,Hammer Curl (Dumbbell),7.5,8.0
2024-10-11,Hammer Curl (Dumbbell),7.5,11.0
2024-10-11,Hammer Curl (Dumbbell),7.5,9.0
2024-10-11,Hammer Curl (Dumbbell),7.5,16.0
2024-10-11,Abdominal Machine,30.0,12.0
2024-10-11,Abdominal Machine,30.0,8.0
2024-10-11,Abdominal Machine,30.0,14.0
2024-10-15,Lat Pulldown (Cable),40.0,13.0
2024-10-15,Lat Pulldown (Cable),40.0,15.0
2024-10-15,Lat Pulldown (Cable),40.0,8.0
2024-10-15,Lat Pulldown (Cable),40.0,9.0
2024-10-15,Lateral Raise (Dumbbell),3.0,12.0
2024-10-15,Lateral Raise (Dumbbell),3.0,10.0
2024-10-15,Lateral Raise (Dumbbell),3.0,16.0
2024-10-15,Lateral Raise (Dumbbell),3.0,9.0
2024-10-15,Triceps Extension (Dumbbell),13.75,6.0
2024-10-15,Triceps Extension (Dumbbell),11.25,11.0
2024-10-15,Triceps Extension (Dumbbell),13.75,12.0
2024-10-15,Triceps Extension (Dumbbell),13.75,11.0
2024-10-16,Abdominal Machine,30.0,16.0
2024-10-16,Abdominal Machine,30.0,17.0
2024-10-16,Abdominal Machine,30.0,12.0
2024-10-16,Chest Press (Machine),30.0,9.0
2024-10-16,Chest Press (Machine),27.5,9.0
2024-10-16,Chest Press (Machine),27.5,10.0
2024-10-16,Chest Press (Machine),30.0,13.0
2024-10-16,Hammer Curl (Dumbbell),7.5,8.0
2024-10-16,Hammer Curl (Dumbbell),7.5,11.0
2024-10-16,Hammer Curl (Dumbbell),7.5,9.0
2024-10-16,Hammer Curl (Dumbbell),7.5,12.0
2024-10-16,Hip Adductor (Machine),60.0,20.0
2024-10-16,Hip Adductor (Machine),50.0,20.0
2024-10-16,Hip Adductor (Machine),70.0,15.0
2024-10-16,Seated Leg Curl (Machine),55.12,13.0
2024-10-16,Seated Leg Curl (Machine),55.12,15.0
2024-10-16,Seated Leg Curl (Machine),55.12,10.0
2024-10-16,Leg Extension (Machine),55.12,4.0
2024-10-16,Leg Extension (Machine),33.07,8.0
2024-10-16,Leg Extension (Machine),44.09,9.0
2024-10-16,Leg Extension (Machine),44.09,5.0
2024-10-16,Hip Abductor (Machine),45.0,4.0
2024-10-16,Hip Abductor (Machine),55.0,6.0
2024-10-17,Triceps Extension (Dumbbell),13.75,9.0
2024-10-17,Triceps Extension (Dumbbell),13.75,15.0
2024-10-17,Triceps Extension (Dumbbell),13.75,10.0
2024-10-17,Triceps Extension (Dumbbell),11.25,9.0
2024-10-17,Lat Pulldown (Cable),33.0,11.0
2024-10-17,Lat Pulldown (Cable),40.0,10.0
2024-10-17,Lat Pulldown (Cable),40.0,13.0
2024-10-17,Lat Pulldown (Cable),33.0,10.0
2024-10-17,Lateral Raise (Dumbbell),3.0,14.0
2024-10-17,Lateral Raise (Dumbbell),2.5,8.0
2024-10-17,Lateral Raise (Dumbbell),3.0,12.0
2024-10-17,Lateral Raise (Dumbbell),3.0,9.0
2024-10-21,Hip Adductor (Machine),65.0,20.0
2024-10-21,Hip Adductor (Machine),65.0,20.0
2024-10-21,Hip Adductor (Machine),65.0,18.0
2024-10-21,Hip Abductor (Machine),60.0,7.0
2024-10-21,Hip Abductor (Machine),65.0,8.0
2024-10-21,Hip Abductor (Machine),60.0,11.0
2024-10-21,Hip Abductor (Machine),60.0,10.0
2024-10-21,Seated Leg Curl (Machine),55.12,18.0
2024-10-21,Seated Leg Curl (Machine),55.12,10.0
2024-10-21,Seated Leg Curl (Machine),55.12,14.0
2024-10-21,Abdominal Machine,32.5,9.0
2024-10-21,Abdominal Machine,32.5,13.0
2024-10-21,Chest Press (Machine),30.0,14.0
2024-10-21,Chest Press (Machine),30.0,12.0
2024-10-21,Chest Press (Machine),30.0,7.0
2024-10-21,Chest Press (Machine),25.0,10.0
2024-10-21,Hammer Curl (Dumbbell),7.0,11.0
2024-10-21,Hammer Curl (Dumbbell),7.0,18.0
2024-10-21,Hammer Curl (Dumbbell),7.0,10.0
2024-10-21,Hammer Curl (Dumbbell),7.0,9.0
2024-10-22,Triceps Extension (Dumbbell),13.75,10.0
2024-10-22,Triceps Extension (Dumbbell),13.75,16.0
2024-10-22,Triceps Extension (Dumbbell),13.75,12.0
2024-10-22,Lat Pulldown (Cable),40.0,13.0
2024-10-22,Lat Pulldown (Cable),33.0,12.0
2024-10-22,Lat Pulldown (Cable),40.0,8.0
2024-10-23,Chest Press (Machine),30.0,14.0
2024-10-23,Chest Press (Machine),30.0,10.0
2024-10-23,Chest Press (Machine),30.0,11.0
2024-10-23,Chest Press (Machine),30.0,8.0
2024-10-23,Hammer Curl (Dumbbell),7.5,10.0
2024-10-23,Hammer Curl (Dumbbell),7.5,17.0
2024-10-23,Hammer Curl (Dumbbell),7.5,11.0
2024-10-23,Hammer Curl (Dumbbell),7.5,9.0
2024-10-23,Lateral Raise (Dumbbell),3.0,13.0
2024-10-23,Lateral Raise (Dumbbell),3.0,15.0
2024-10-23,Lateral Raise (Dumbbell),3.0,9.0
2024-10-23,Lateral Raise (Dumbbell),3.0,12.0
2024-10-25,Lat Pulldown (Cable),40.0,13.0
2024-10-25,Lat Pulldown (Cable),40.0,9.0
2024-10-25,Lat Pulldown (Cable),40.0,14.0
2024-10-25,Lat Pulldown (Cable),40.0,10.0
2024-10-25,Triceps Extension (Dumbbell),11.25,8.0
2024-10-25,Triceps Extension (Dumbbell),11.75,13.0
2024-10-25,Triceps Extension (Dumbbell),11.75,15.0
2024-10-25,Triceps Extension (Dumbbell),13.75,10.0
2024-10-25,Lateral Raise (Dumbbell),3.0,13.0
2024-10-25,Lateral Raise (Dumbbell),3.0,9.0
2024-10-25,Lateral Raise (Dumbbell),3.0,11.0
2024-10-25,Lateral Raise (Dumbbell),3.0,10.0
2024-10-25,Hip Abductor (Machine),55.0,5.0
2024-10-25,Hip Abductor (Machine),50.0,9.0
2024-10-25,Hip Abductor (Machine),45.0,9.0
2024-10-25,Hip Abductor (Machine),50.0,8.0
2024-10-25,Hip Adductor (Machine),65.0,8.0
2024-10-25,Hip Adductor (Machine),70.0,5.0
2024-10-25,Hip Adductor (Machine),60.0,6.0
2024-10-25,Hip Adductor (Machine),60.0,2.0
2024-10-25,Hip Adductor (Machine),60.0,10.0
2024-10-25,Hip Adductor (Machine),55.0,3.0
2024-10-25,Hip Adductor (Machine),65.0,2.0
2024-10-28,Chest Press (Machine),30.0,10.0
2024-10-28,Chest Press (Machine),30.0,14.0
2024-10-28,Chest Press (Machine),25.0,4.0
2024-10-28,Chest Press (Machine),30.0,5.0
2024-10-28,Chest Press (Machine),30.0,14.0
2024-10-28,Hammer Curl (Dumbbell),7.5,7.0
2024-10-28,Hammer Curl (Dumbbell),7.5,7.0
2024-10-28,Hammer Curl (Dumbbell),7.5,11.0
2024-10-28,Hammer Curl (Dumbbell),7.5,20.0
2024-10-28,Hip Adductor (Machine),60.0,6.0
2024-10-28,Hip Adductor (Machine),65.0,3.0
2024-10-28,Hip Adductor (Machine),65.0,12.0
2024-10-28,Hip Adductor (Machine),65.0,5.0
2024-10-28,Hip Adductor (Machine),70.0,6.0
2024-10-29,Lateral Raise (Dumbbell),3.0,10.0
2024-10-29,Lateral Raise (Dumbbell),3.0,11.0
2024-10-29,Lateral Raise (Dumbbell),3.0,10.0
2024-10-29,Lateral Raise (Dumbbell),3.0,20.0
2024-10-29,Triceps Extension (Dumbbell),13.75,8.0
2024-10-29,Triceps Extension (Dumbbell),11.75,10.0
2024-10-29,Triceps Extension (Dumbbell),11.25,7.0
2024-10-29,Triceps Extension (Dumbbell),13.75,13.0
2024-10-29,Hip Abductor (Machine),50.0,4.0
2024-10-29,Hip Abductor (Machine),50.0,9.0
2024-10-29,Hip Abductor (Machine),55.0,6.0
2024-10-29,Hip Abductor (Machine),45.0,4.0
2024-10-29,Hip Abductor (Machine),50.0,5.0
2024-11-05,Triceps Extension (Cable),8.75,13.0
2024-11-05,Triceps Extension (Cable),8.75,14.0
2024-11-05,Triceps Extension (Cable),8.75,13.0
2024-11-05,Triceps Extension (Cable),8.75,15.0
2024-11-05,Lat Pulldown (Cable),40.0,14.0
2024-11-05,Lat Pulldown (Cable),40.0,11.0
2024-11-05,Lat Pulldown (Cable),40.0,10.0
2024-11-05,Lat Pulldown (Cable),33.0,15.0
2024-11-05,Lateral Raise (Cable),3.75,9.0
2024-11-05,Lateral Raise (Cable),3.75,8.0
2024-11-05,Lateral Raise (Cable),3.75,8.0
2024-11-05,Lateral Raise (Cable),3.75,7.0
2024-11-05,Lateral Raise (Cable),3.75,8.0
2024-11-05,Lateral Raise (Cable),3.75,6.0
2024-11-05,Lateral Raise (Cable),3.75,8.0
2024-11-05,Lateral Raise (Cable),3.75,7.0
2024-11-06,Chest Fly,19.0,15.0
2024-11-06,Chest Fly,26.0,11.0
2024-11-06,Chest Fly,33.0,10.0
2024-11-06,Chest Fly,26.0,15.0
2024-11-06,Preacher Curl (Dumbbell),4.0,25.0
2024-11-06,Preacher Curl (Dumbbell),4.0,25.0
2024-11-06,Preacher Curl (Dumbbell),4.0,25.0
2024-11-06,Preacher Curl (Dumbbell),4.0,25.0
2024-11-06,Preacher Curl (Dumbbell),4.0,25.0
2024-11-06,Preacher Curl (Dumbbell),4.0,25.0
2024-11-06,Preacher Curl (Dumbbell),4.0,25.0
2024-11-06,Preacher Curl (Dumbbell),4.0,25.0
2024-11-07,Lat Pulldown (Cable),33.0,11.0
2024-11-07,Lat Pulldown (Cable),40.0,9.0
2024-11-07,Lat Pulldown (Cable),33.0,13.0
2024-11-07,Lat Pulldown (Cable),33.0,10.0
2024-11-07,Triceps Extension (Cable),8.75,15.0
2024-11-07,Triceps Extension (Cable),8.75,10.0
2024-11-07,Triceps Extension (Cable),8.75,14.0
2024-11-07,Triceps Extension (Cable),8.75,16.0
2024-11-07,Lateral Raise (Cable),1.25,13.0
2024-11-07,Lateral Raise (Cable),1.25,13.0
2024-11-07,Lateral Raise (Cable),1.25,17.0
2024-11-07,Lateral Raise (Cable),1.25,14.0
2024-11-07,Lateral Raise (Cable),3.75,7.0
2024-11-07,Lateral Raise (Cable),3.75,3.0
2024-11-07,Lateral Raise (Cable),1.25,13.0
2024-11-07,Lateral Raise (Cable),1.25,15.0
2024-11-08,Preacher Curl (Dumbbell),5.0,17.0
2024-11-08,Preacher Curl (Dumbbell),5.0,16.0
2024-11-08,Preacher Curl (Dumbbell),5.0,20.0
2024-11-08,Preacher Curl (Dumbbell),5.0,17.0
2024-11-08,Chest Fly (Dumbbell),7.5,16.0
2024-11-08,Chest Fly (Dumbbell),7.5,14.0
2024-11-08,Chest Fly (Dumbbell),7.5,15.0
2024-11-08,Chest Fly (Dumbbell),7.5,15.0
2024-11-12,Triceps Extension (Cable),8.75,18.0
2024-11-12,Triceps Extension (Cable),11.25,11.0
2024-11-12,Triceps Extension (Cable),8.75,11.0
2024-11-12,Triceps Extension (Cable),8.75,11.0
2024-11-12,Lat Pulldown (Cable),33.0,9.0
2024-11-12,Lat Pulldown (Cable),33.0,12.0
2024-11-12,Lat Pulldown (Cable),40.0,10.0
2024-11-12,Lat Pulldown (Cable),40.0,11.0
2024-11-12,Lateral Raise (Cable),1.25,16.0
2024-11-12,Lateral Raise (Cable),1.25,20.0
2024-11-12,Lateral Raise (Cable),3.75,7.0
2024-11-12,Lateral Raise (Cable),3.75,9.0
2024-11-12,Lateral Raise (Cable),1.25,18.0
2024-11-12,Lateral Raise (Cable),1.25,20.0
2024-11-12,Lateral Raise (Cable),1.25,20.0
2024-11-12,Lateral Raise (Cable),1.25,16.0
2024-11-13,Preacher Curl (Dumbbell),6.0,13.0
2024-11-13,Preacher Curl (Dumbbell),5.0,18.0
2024-11-13,Preacher Curl (Dumbbell),5.0,16.0
2024-11-13,Preacher Curl (Dumbbell),6.0,15.0
2024-11-13,Chest Fly,19.0,9.0
2024-11-13,Chest Fly,33.0,9.0
2024-11-13,Chest Fly,26.0,10.0
2024-11-13,Chest Fly,19.0,12.0
2024-11-18,Triceps Extension (Cable),8.75,12.0
2024-11-18,Triceps Extension (Cable),11.25,11.0
2024-11-18,Triceps Extension (Cable),8.75,12.0
2024-11-18,Triceps Extension (Cable),8.75,20.0
2024-11-18,Lateral Raise (Cable),3.75,7.0
2024-11-18,Lateral Raise (Cable),1.25,25.0
2024-11-18,Lateral Raise (Cable),3.75,6.0
2024-11-18,Lateral Raise (Cable),3.75,7.0
2024-11-18,Lateral Raise (Cable),3.75,7.0
2024-11-18,Lateral Raise (Cable),3.75,5.0
2024-11-18,Lateral Raise (Cable),3.75,9.0
2024-11-18,Lateral Raise (Cable),1.25,22.0
2024-11-18,Lat Pulldown (Cable),33.0,13.0
2024-11-18,Lat Pulldown (Cable),33.0,13.0
2024-11-18,Lat Pulldown (Cable),40.0,13.0
2024-11-18,Lat Pulldown (Cable),40.0,10.0
2024-11-19,Chest Fly,33.0,13.0
2024-11-19,Chest Fly,33.0,10.0
2024-11-19,Chest Fly,26.0,13.0
2024-11-19,Chest Fly,26.0,17.0
2024-11-19,Preacher Curl (Dumbbell),6.0,15.0
2024-11-19,Preacher Curl (Dumbbell),6.0,10.0
2024-11-19,Preacher Curl (Dumbbell),6.0,18.0
2024-11-19,Preacher Curl (Dumbbell),6.0,17.0
2024-11-21,Triceps Extension (Cable),8.75,14.0
2024-11-21,Triceps Extension (Cable),11.25,10.0
2024-11-21,Triceps Extension (Cable),11.25,14.0
2024-11-21,Triceps Extension (Cable),11.25,13.0
2024-11-21,Lateral Raise (Cable),3.75,6.0
2024-11-21,Lateral Raise (Cable),3.75,7.0
2024-11-21,Lateral Raise (Cable),1.25,20.0
2024-11-21,Lateral Raise (Cable),3.75,10.0
2024-11-21,Lateral Raise (Cable),3.75,9.0
2024-11-21,Lateral Raise (Cable),3.75,7.0
2024-11-21,Lat Pulldown (Cable),40.0,11.0
2024-11-21,Lat Pulldown (Cable),40.0,10.0
2024-11-21,Lat Pulldown (Cable),40.0,15.0
2024-11-21,Lat Pulldown (Cable),33.0,11.0
2024-11-25,Preacher Curl (Dumbbell),6.0,20.0
2024-11-25,Preacher Curl (Dumbbell),6.0,13.0
2024-11-25,Preacher Curl (Dumbbell),6.0,15.0
2024-11-25,Preacher Curl (Dumbbell),6.0,14.0
2024-11-25,Chest Fly,33.0,14.0
2024-11-25,Chest Fly,26.0,15.0
2024-11-25,Chest Fly,26.0,10.0
2024-11-25,Chest Fly,33.0,9.0
2024-11-26,Triceps Extension (Cable),11.25,14.0
2024-11-26,Triceps Extension (Cable),13.75,16.0
2024-11-26,Triceps Extension (Cable),11.25,25.0
2024-11-26,Triceps Extension (Cable),13.75,10.0
2024-11-26,Lateral Raise (Cable),1.25,23.0
2024-11-26,Lateral Raise (Cable),1.25,11.0
2024-11-26,Lateral Raise (Cable),1.25,17.0
2024-11-26,Lateral Raise (Cable),1.25,18.0
2024-11-26,Lateral Raise (Cable),1.25,14.0
2024-11-26,Lateral Raise (Cable),1.25,18.0
2024-11-26,Lateral Raise (Cable),1.25,27.0
2024-11-26,Lateral Raise (Cable),1.25,33.0
2024-11-26,Lateral Raise (Cable),1.25,12.0
2024-11-26,Lateral Raise (Cable),1.25,14.0
2024-11-26,Lat Pulldown (Cable),26.0,22.0
2024-11-26,Lat Pulldown (Cable),33.0,18.0
2024-11-26,Lat Pulldown (Cable),40.0,11.0
2024-11-26,Lat Pulldown (Cable),33.0,11.0
2024-11-29,Preacher Curl (Dumbbell),6.0,16.0
2024-11-29,Preacher Curl (Dumbbell),6.0,13.0
2024-11-29,Preacher Curl (Dumbbell),6.0,15.0
2024-11-29,Preacher Curl (Dumbbell),6.0,21.0
2024-11-29,Chest Fly,33.0,12.0
2024-11-29,Chest Fly,26.0,11.0
2024-11-29,Chest Fly,33.0,9.0
2024-11-29,Chest Fly,33.0,10.0
2024-12-03,Preacher Curl (Dumbbell),6.0,20.0
2024-12-03,Preacher Curl (Dumbbell),6.0,19.0
2024-12-03,Preacher Curl (Dumbbell),6.0,13.0
2024-12-03,Preacher Curl (Dumbbell),6.0,25.0
2024-12-03,Chest Fly,26.0,10.0
2024-12-03,Chest Fly,26.0,14.0
2024-12-03,Chest Fly,33.0,10.0
2024-12-03,Chest Fly,33.0,17.0
2024-12-03,Triceps Extension (Cable),13.75,12.0
2024-12-03,Triceps Extension (Cable),13.75,16.0
2024-12-03,Triceps Extension (Cable),11.75,12.0
2024-12-03,Triceps Extension (Cable),11.25,11.0
2024-12-06,Lat Pulldown (Cable),33.0,15.0
2024-12-06,Lat Pulldown (Cable),40.0,16.0
2024-12-06,Lat Pulldown (Cable),40.0,12.0
2024-12-06,Lat Pulldown (Cable),40.0,10.0
2024-12-06,Lateral Raise (Cable),1.25,41.0
2024-12-06,Lateral Raise (Cable),1.25,13.0
2024-12-06,Lateral Raise (Cable),1.25,23.0
2024-12-06,Lateral Raise (Cable),1.25,28.0
2024-12-06,Lateral Raise (Cable),1.25,21.0
2024-12-06,Lateral Raise (Cable),1.25,21.0
2024-12-06,Lateral Raise (Cable),1.25,44.0
2024-12-06,Lateral Raise (Cable),1.25,14.0
2024-12-06,Hip Thrust (Barbell),20.0,8.0
2024-12-06,Hip Thrust (Barbell),20.0,9.0
2024-12-06,Hip Thrust (Barbell),20.0,10.0
2024-12-06,Hip Thrust (Barbell),20.0,8.0
2024-12-09,Triceps Extension (Cable),13.75,9.0
2024-12-09,Triceps Extension (Cable),11.25,11.0
2024-12-09,Triceps Extension (Cable),13.75,13.0
2024-12-09,Triceps Extension (Cable),13.75,16.0
2024-12-09,Lat Pulldown (Cable),40.0,14.0
2024-12-09,Lat Pulldown (Cable),40.0,10.0
2024-12-09,Lat Pulldown (Cable),33.0,10.0
2024-12-09,Lat Pulldown (Cable),33.0,11.0
2024-12-11,Preacher Curl (Dumbbell),6.0,17.0
2024-12-11,Preacher Curl (Dumbbell),6.0,25.0
2024-12-11,Preacher Curl (Dumbbell),6.0,21.0
2024-12-11,Preacher Curl (Dumbbell),6.0,19.0
2024-12-11,Chest Fly,26.0,11.0
2024-12-11,Chest Fly,26.0,12.0
2024-12-11,Chest Fly,33.0,10.0
2024-12-11,Chest Fly,33.0,14.0
2024-12-11,Hip Thrust (Barbell),20.0,8.0
2024-12-11,Hip Thrust (Barbell),25.0,8.0
2024-12-11,Hip Thrust (Barbell),22.5,8.0
2024-12-11,Hip Thrust (Barbell),25.0,8.0
2024-12-13,Lat Pulldown (Cable),40.0,10.0
2024-12-13,Lat Pulldown (Cable),40.0,15.0
2024-12-13,Lat Pulldown (Cable),40.0,10.0
2024-12-13,Lat Pulldown (Cable),40.0,11.0
2024-12-13,Triceps Extension (Cable),13.75,13.0
2024-12-13,Triceps Extension (Cable),11.25,11.0
2024-12-13,Triceps Extension (Cable),11.75,11.0
2024-12-13,Triceps Extension (Cable),13.75,8.0
2024-12-20,Hip Thrust (Barbell),30.0,9.0
2024-12-20,Hip Thrust (Barbell),30.0,7.0
2024-12-20,Hip Thrust (Barbell),30.0,6.0
2024-12-20,Hip Thrust (Barbell),30.0,9.0
2025-01-02,Bench Press (Barbell),40.0,1.0
2025-01-02,Bench Press (Barbell),26.0,6.0
2025-01-02,Bench Press (Barbell),30.0,2.0
2025-01-05,Chest Press (Machine),25.0,6.0
2025-01-05,Chest Press (Machine),25.0,3.0
2025-01-05,Chest Press (Machine),30.0,11.0
2025-01-05,Chest Press (Machine),30.0,13.0
2025-01-05,Chest Press (Machine),25.0,12.0
2025-01-05,Chest Press (Machine),20.0,5.0
2025-01-05,Preacher Curl (Barbell),12.5,20.0
2025-01-05,Preacher Curl (Barbell),12.5,17.0
2025-01-05,Preacher Curl (Barbell),15.0,16.0
2025-01-05,Preacher Curl (Barbell),15.0,8.0
2025-01-09,Lat Pulldown (Cable),40.0,15.0
2025-01-09,Lat Pulldown (Cable),40.0,10.0
2025-01-09,Lat Pulldown (Cable),40.0,9.0
2025-01-09,Lat Pulldown (Cable),40.0,14.0
2025-01-09,Lateral Raise (Dumbbell),3.0,20.0
2025-01-09,Lateral Raise (Dumbbell),3.0,14.0
2025-01-09,Lateral Raise (Dumbbell),3.0,17.0
2025-01-09,Lateral Raise (Dumbbell),3.0,14.0
2025-01-09,Triceps Pushdown (Cable - Straight Bar),13.75,15.0
2025-01-09,Triceps Pushdown (Cable - Straight Bar),13.75,14.0
2025-01-09,Triceps Pushdown (Cable - Straight Bar),13.75,14.0
2025-01-09,Triceps Pushdown (Cable - Straight Bar),11.25,25.0
2025-01-09,Chest Press (Machine),25.0,2.0
2025-01-09,Chest Press (Machine),30.0,8.0
2025-01-09,Chest Press (Machine),20.0,4.0
2025-01-09,Chest Press (Machine),20.0,7.0
2025-01-09,Chest Press (Machine),30.0,5.0
2025-01-09,Triceps Dip (Assisted),26.0,3.0
2025-01-09,Triceps Dip (Assisted),33.0,8.0
2025-01-09,Preacher Curl (Barbell),7.5,14.0
2025-01-09,Preacher Curl (Barbell),12.5,7.0
2025-01-09,Preacher Curl (Barbell),12.5,16.0
2025-01-12,Chest Press (Machine),15.0,5.0
2025-01-12,Chest Press (Machine),30.0,7.0
2025-01-12,Chest Press (Machine),20.0,8.0
2025-01-12,Chest Press (Machine),20.0,5.0
2025-01-12,Chest Press (Machine),30.0,18.0
2025-01-12,Chest Press (Machine),25.0,9.0
2025-01-12,Lateral Raise (Dumbbell),4.0,10.0
2025-01-12,Lateral Raise (Dumbbell),4.0,11.0
2025-01-12,Lateral Raise (Dumbbell),4.0,9.0
2025-01-14,Lat Pulldown (Cable),33.0,13.0
2025-01-14,Lat Pulldown (Cable),33.0,11.0
2025-01-14,Lat Pulldown (Cable),40.0,9.0
2025-01-14,Lat Pulldown (Cable),40.0,10.0
2025-01-14,Triceps Pushdown (Cable - Straight Bar),13.75,14.0
2025-01-14,Triceps Pushdown (Cable - Straight Bar),13.75,12.0
2025-01-14,Triceps Pushdown (Cable - Straight Bar),13.75,14.0
2025-01-14,Triceps Pushdown (Cable - Straight Bar),13.75,12.0
2025-01-14,Preacher Curl (Barbell),10.0,12.0
2025-01-14,Preacher Curl (Barbell),10.0,17.0
2025-01-14,Preacher Curl (Barbell),12.5,9.0
2025-01-14,Preacher Curl (Barbell),12.5,16.0
2025-01-15,Hip Thrust (Barbell),32.0,5.0
2025-01-15,Hip Thrust (Barbell),28.0,8.0
2025-01-15,Hip Thrust (Barbell),36.0,4.0
2025-01-15,Hip Thrust (Barbell),30.0,8.0
2025-01-15,Hip Thrust (Barbell),34.0,5.0
2025-01-17,Lateral Raise (Dumbbell),2.5,7.0
2025-01-17,Lateral Raise (Dumbbell),4.0,10.0
2025-01-17,Lateral Raise (Dumbbell),4.0,12.0
2025-01-17,Lateral Raise (Dumbbell),4.0,10.0
2025-01-17,Lateral Raise (Dumbbell),4.0,15.0
2025-01-17,Lateral Raise (Dumbbell),2.5,5.0
2025-01-17,Chest Press (Machine),15.0,4.0
2025-01-17,Chest Press (Machine),30.0,13.0
2025-01-17,Chest Press (Machine),20.0,8.0
2025-01-17,Chest Press (Machine),20.0,6.0
2025-01-17,Chest Press (Machine),10.0,11.0
2025-01-17,Chest Press (Machine),20.0,8.0
2025-01-17,Chest Press (Machine),30.0,5.0
2025-01-17,Chest Press (Machine),25.0,8.0
2025-01-23,Preacher Curl (Barbell),12.5,25.0
2025-01-23,Preacher Curl (Barbell),12.5,16.0
2025-01-23,Preacher Curl (Barbell),10.0,13.0
2025-01-23,Preacher Curl (Barbell),10.0,17.0
2025-01-23,Hip Thrust (Barbell),42.5,5.0
2025-01-23,Hip Thrust (Barbell),30.0,8.0
2025-01-23,Hip Thrust (Barbell),35.0,8.0
2025-01-23,Hip Thrust (Barbell),40.0,8.0
2025-01-24,Lateral Raise (Dumbbell),4.0,8.0
2025-01-24,Lateral Raise (Dumbbell),4.0,17.0
2025-01-24,Lateral Raise (Dumbbell),4.0,15.0
2025-01-24,Lateral Raise (Dumbbell),4.0,12.0
2025-01-24,Lateral Raise (Dumbbell),2.5,7.0
2025-01-24,Chest Press (Machine),30.0,8.0
2025-01-24,Chest Press (Machine),10.0,10.0
2025-01-24,Chest Press (Machine),20.0,7.0
2025-01-24,Chest Press (Machine),20.0,13.0
2025-01-24,Chest Press (Machine),10.0,13.0
2025-01-24,Chest Press (Machine),20.0,12.0
2025-01-29,Bench Press (Barbell),20.0,1.0
2025-01-29,Bench Press (Barbell),20.0,1.0
2025-01-29,Bench Press (Barbell),30.0,1.0
2025-01-29,Bench Press (Barbell),35.0,3.0
2025-01-29,Triceps Pushdown (Cable - Straight Bar),13.75,12.0
2025-01-29,Triceps Pushdown (Cable - Straight Bar),13.75,11.0
2025-01-29,Triceps Pushdown (Cable - Straight Bar),13.75,15.0
2025-01-29,Triceps Pushdown (Cable - Straight Bar),13.75,10.0
2025-01-30,Hip Thrust (Barbell),42.5,8.0
2025-01-30,Hip Thrust (Barbell),45.0,8.0
2025-01-30,Hip Thrust (Barbell),40.0,8.0
2025-01-30,Hip Thrust (Barbell),47.75,5.0
2025-01-30,Lateral Raise (Dumbbell),4.0,12.0
2025-01-30,Lateral Raise (Dumbbell),4.0,11.0
2025-01-30,Lateral Raise (Dumbbell),4.0,15.0
2025-01-30,Chest Press (Machine),25.0,9.0
2025-01-30,Chest Press (Machine),27.75,8.0
2025-01-30,Chest Press (Machine),30.0,9.0
2025-01-30,Chest Press (Machine),27.75,14.0
2025-02-03,Hip Thrust (Barbell),40.0,8.0
2025-02-04,Lat Pulldown (Cable),33.0,18.0
2025-02-04,Lat Pulldown (Cable),33.0,13.0
2025-02-04,Lat Pulldown (Cable),33.0,12.0
2025-02-04,Lat Pulldown (Cable),33.0,13.0
2025-02-04,Lateral Raise (Dumbbell),4.0,11.0
2025-02-04,Lateral Raise (Dumbbell),4.0,17.0
2025-02-04,Lateral Raise (Dumbbell),4.0,13.0
2025-02-04,Lateral Raise (Dumbbell),4.0,13.0
2025-02-04,Triceps Pushdown (Cable - Straight Bar),13.75,17.0
2025-02-04,Triceps Pushdown (Cable - Straight Bar),13.75,11.0
2025-02-04,Triceps Pushdown (Cable - Straight Bar),13.75,13.0
2025-02-04,Triceps Pushdown (Cable - Straight Bar),13.75,11.0
2025-02-06,Chest Press (Machine),25.0,11.0
2025-02-06,Chest Press (Machine),30.0,7.0
2025-02-06,Chest Press (Machine),30.0,16.0
2025-02-06,Chest Press (Machine),25.0,9.0
2025-02-06,Triceps Pushdown (Cable - Straight Bar),13.75,16.0
2025-02-06,Triceps Pushdown (Cable - Straight Bar),13.75,20.0
2025-02-06,Triceps Pushdown (Cable - Straight Bar),13.75,13.0
2025-02-06,Triceps Pushdown (Cable - Straight Bar),13.75,15.0
2025-02-09,Chest Press (Machine),30.0,8.0
2025-02-09,Chest Press (Machine),30.0,10.0
2025-02-09,Chest Press (Machine),30.0,11.0
2025-02-09,Chest Press (Machine),30.0,10.0
2025-02-09,Triceps Pushdown (Cable - Straight Bar),16.25,13.0
2025-02-09,Triceps Pushdown (Cable - Straight Bar),16.25,15.0
2025-02-09,Triceps Pushdown (Cable - Straight Bar),16.25,12.0
2025-02-09,Triceps Pushdown (Cable - Straight Bar),16.25,14.0
2025-02-10,Hammer Curl (Dumbbell),7.5,10.0
2025-02-10,Hammer Curl (Dumbbell),7.5,9.0
2025-02-10,Hammer Curl (Dumbbell),7.5,10.0
2025-02-10,Hammer Curl (Dumbbell),7.5,15.0
2025-02-11,Bench Press (Barbell),40.0,2.0
2025-02-11,Bench Press (Barbell),40.0,1.0
2025-02-11,Bench Press (Barbell),20.0,8.0
2025-02-11,Bench Press (Barbell),30.0,3.0
2025-02-11,Bench Press (Barbell),40.0,1.0
2025-02-11,Bench Press (Barbell),30.0,9.0
2025-02-11,Lateral Raise (Dumbbell),4.0,10.0
2025-02-11,Lateral Raise (Dumbbell),4.0,12.0
2025-02-11,Lateral Raise (Dumbbell),5.0,9.0
2025-02-11,Lateral Raise (Dumbbell),4.0,12.0
2025-02-11,Triceps Pushdown (Cable - Straight Bar),18.25,8.0
2025-02-11,Triceps Pushdown (Cable - Straight Bar),18.25,9.0
2025-02-11,Triceps Pushdown (Cable - Straight Bar),18.25,12.0
2025-02-11,Triceps Pushdown (Cable - Straight Bar),16.75,12.0
2025-02-17,Triceps Pushdown (Cable - Straight Bar),18.25,14.0
2025-02-17,Triceps Pushdown (Cable - Straight Bar),18.25,10.0
2025-02-17,Triceps Pushdown (Cable - Straight Bar),18.25,10.0
2025-02-17,Triceps Pushdown (Cable - Straight Bar),18.25,14.0
2025-02-19,Chest Press (Machine),25.0,9.0
2025-02-19,Chest Press (Machine),30.0,15.0
2025-02-19,Chest Press (Machine),30.0,8.0
2025-02-19,Chest Press (Machine),25.0,10.0
2025-02-21,Chest Fly,33.0,12.0
2025-02-21,Chest Fly,33.0,8.0
2025-02-21,Chest Fly,33.0,17.0
2025-02-21,Chest Fly,26.0,12.0
2025-02-21,Lateral Raise (Dumbbell),4.0,11.0
2025-02-21,Lateral Raise (Dumbbell),4.0,10.0
2025-02-21,Lateral Raise (Dumbbell),4.0,14.0
2025-02-21,Lateral Raise (Dumbbell),5.0,11.0
2025-02-21,Preacher Curl (Barbell),12.5,14.0
2025-02-21,Preacher Curl (Barbell),10.0,17.0
2025-02-21,Preacher Curl (Barbell),10.0,15.0
2025-02-22,Triceps Pushdown (Cable - Straight Bar),16.75,11.0
2025-02-22,Triceps Pushdown (Cable - Straight Bar),18.25,10.0
2025-02-22,Triceps Pushdown (Cable - Straight Bar),18.25,25.0
2025-02-22,Triceps Pushdown (Cable - Straight Bar),18.25,9.0
2025-02-22,Lat Pulldown (Cable),26.0,16.0
2025-02-22,Lat Pulldown (Cable),33.0,10.0
2025-02-22,Lat Pulldown (Cable),33.0,17.0
2025-02-22,Lat Pulldown (Cable),33.0,12.0
2025-02-27,Chest Fly,33.0,12.0
2025-02-27,Chest Fly,33.0,11.0
2025-02-27,Chest Fly,33.0,8.0
2025-02-27,Chest Fly,26.0,5.0
2025-02-27,Chest Fly,33.0,13.0
2025-02-27,Lateral Raise (Dumbbell),5.0,13.0
2025-02-27,Lateral Raise (Dumbbell),5.0,10.0
2025-02-27,Lateral Raise (Dumbbell),4.0,11.0
2025-02-27,Lateral Raise (Dumbbell),5.0,7.0
2025-03-03,Triceps Pushdown (Cable - Straight Bar),18.75,12.0
2025-03-03,Triceps Pushdown (Cable - Straight Bar),18.75,10.0
2025-03-03,Triceps Pushdown (Cable - Straight Bar),21.25,10.0
2025-03-03,Triceps Pushdown (Cable - Straight Bar),21.25,8.0
2025-03-03,Preacher Curl (Dumbbell),6.0,14.0
2025-03-03,Preacher Curl (Dumbbell),6.0,26.0
2025-03-03,Preacher Curl (Dumbbell),5.0,18.0
2025-03-03,Preacher Curl (Dumbbell),5.0,13.0
2025-03-04,Lat Pulldown (Cable),26.0,14.0
2025-03-04,Lat Pulldown (Cable),33.0,18.0
2025-03-04,Lat Pulldown (Cable),33.0,9.0
2025-03-04,Lat Pulldown (Cable),33.0,14.0
2025-03-04,Chest Fly,26.0,10.0
2025-03-04,Chest Fly,26.0,9.0
2025-03-04,Chest Fly,33.0,8.0
2025-03-04,Chest Fly,33.0,12.0
2025-03-04,Lateral Raise (Dumbbell),4.0,9.0
2025-03-04,Lateral Raise (Dumbbell),5.0,8.0
2025-03-04,Lateral Raise (Dumbbell),4.0,13.0
2025-03-04,Lateral Raise (Dumbbell),4.0,11.0
2025-03-07,Chest Fly,26.0,7.0
2025-03-07,Chest Fly,33.0,7.0
2025-03-07,Chest Fly,33.0,10.0
2025-03-07,Chest Fly,26.0,7.0
2025-03-07,Chest Fly,26.0,7.0
2025-03-07,Triceps Pushdown (Cable - Straight Bar),21.25,10.0
2025-03-07,Triceps Pushdown (Cable - Straight Bar),21.25,8.0
2025-03-07,Triceps Pushdown (Cable - Straight Bar),18.75,11.0
2025-03-07,Triceps Pushdown (Cable - Straight Bar),21.25,8.0
2025-03-07,Abdominal Machine,37.75,10.0
2025-03-07,Abdominal Machine,40.0,7.0
2025-03-07,Abdominal Machine,37.75,9.0
2025-03-07,Abdominal Machine,30.0,10.0
2025-03-07,Abdominal Machine,37.75,9.0
2025-03-10,Incline Curl (Dumbbell),7.0,8.0
2025-03-10,Incline Curl (Dumbbell),6.0,9.0
2025-03-10,Incline Curl (Dumbbell),6.0,6.0
2025-03-10,Incline Curl (Dumbbell),6.0,10.0
2025-03-10,Incline Curl (Dumbbell),7.0,12.0
2025-03-10,Lateral Raise (Dumbbell),5.0,13.0
2025-03-10,Lateral Raise (Dumbbell),5.0,8.0
2025-03-10,Lateral Raise (Dumbbell),4.0,10.0
2025-03-10,Lateral Raise (Dumbbell),4.0,10.0
2025-03-13,Bench Press (Barbell),35.0,7.0
2025-03-13,Bench Press (Barbell),20.0,8.0
2025-03-13,Bench Press (Barbell),40.0,1.0
2025-03-13,Bench Press (Barbell),30.0,3.0
2025-03-13,Lat Pulldown (Cable),33.0,15.0
2025-03-13,Lat Pulldown (Cable),33.0,25.0
2025-03-13,Lat Pulldown (Cable),33.0,14.0
2025-03-13,Lat Pulldown (Cable),33.0,15.0
2025-03-13,Seated Calf Raise (Machine),35.0,17.0
2025-03-13,Seated Calf Raise (Machine),40.0,13.0
2025-03-13,Seated Calf Raise (Machine),45.0,16.0
2025-03-13,Seated Calf Raise (Machine),45.0,15.0
2025-03-24,Lateral Raise (Dumbbell),5.0,9.0
2025-03-24,Lateral Raise (Dumbbell),4.0,13.0
2025-03-24,Lateral Raise (Dumbbell),5.0,14.0
2025-03-24,Lateral Raise (Dumbbell),5.0,10.0
2025-03-24,Bench Press (Barbell),30.0,5.0
2025-03-24,Bench Press (Barbell),20.0,2.0
2025-03-24,Bench Press (Barbell),40.0,1.0
2025-03-24,Triceps Pushdown (Cable - Straight Bar),18.75,5.0
2025-03-24,Triceps Pushdown (Cable - Straight Bar),18.75,10.0
2025-03-24,Triceps Pushdown (Cable - Straight Bar),21.25,11.0
2025-03-24,Triceps Pushdown (Cable - Straight Bar),21.25,7.0
2025-03-25,Incline Curl (Dumbbell),7.5,9.0
2025-03-25,Incline Curl (Dumbbell),7.5,12.0
2025-03-25,Incline Curl (Dumbbell),7.0,8.0
2025-03-25,Incline Curl (Dumbbell),7.0,9.0
2025-03-25,Triceps Pushdown (Cable - Straight Bar),21.25,10.0
2025-03-25,Triceps Pushdown (Cable - Straight Bar),21.25,7.0
2025-03-25,Triceps Pushdown (Cable - Straight Bar),21.25,12.0
2025-03-25,Triceps Pushdown (Cable - Straight Bar),18.75,7.0
2025-03-25,Incline Bench Press (Barbell),10.0,7.0
2025-03-25,Incline Bench Press (Barbell),10.0,12.0
2025-03-25,Incline Bench Press (Barbell),10.0,9.0
2025-03-25,Lat Pulldown (Cable),40.0,7.0
2025-03-25,Lat Pulldown (Cable),40.0,12.0
2025-03-26,Back Squat (Smith Machine),35.0,1.0
2025-03-26,Back Squat (Smith Machine),37.5,1.0
2025-03-26,Back Squat (Smith Machine),42.5,1.0
2025-03-26,Back Squat (Smith Machine),30.0,3.0
2025-03-26,Back Squat (Smith Machine),40.0,1.0
2025-03-26,Front Squat (Smith Machine),30.0,3.0
2025-03-26,Front Squat (Smith Machine),35.0,1.0
2025-03-26,"Lunge (Right Foot Forward, Smith Machine)",35.0,1.0
2025-03-26,"Lunge (Right Foot Forward, Smith Machine)",30.0,3.0
2025-03-26,"Lunge (Right Foot Forward, Smith Machine)",40.0,1.0
2025-03-26,"Lunge (Right Foot Forward, Smith Machine)",37.5,1.0
2025-03-26,"Lunge (Left Foot Forwards, Smith Machine)",35.0,1.0
2025-03-26,"Lunge (Left Foot Forwards, Smith Machine)",37.5,1.0
2025-03-26,"Lunge (Left Foot Forwards, Smith Machine)",30.0,3.0
2025-03-26,Deadlift (Smith Machine),55.0,1.0
2025-03-26,Deadlift (Smith Machine),45.0,1.0
2025-03-26,Deadlift (Smith Machine),50.0,1.0
2025-03-27,Bent Over Row (Barbell),30.0,14.0
2025-03-27,Bent Over Row (Barbell),40.0,5.0
2025-03-27,Bent Over Row (Barbell),40.0,3.0
2025-03-27,Bent Over Row (Barbell),20.0,5.0
2025-03-27,Bent Over Row (Barbell),40.0,7.0
2025-03-27,Bent Over Row (Barbell),40.0,9.0
2025-03-28,Triceps Pushdown (Cable - Straight Bar),18.75,9.0
2025-03-28,Triceps Pushdown (Cable - Straight Bar),21.25,10.0
2025-03-28,Triceps Pushdown (Cable - Straight Bar),18.75,11.0
2025-03-28,Triceps Pushdown (Cable - Straight Bar),21.25,8.0
2025-03-28,Incline Curl (Dumbbell),7.0,13.0
2025-03-28,Incline Curl (Dumbbell),6.0,10.0
2025-03-28,Incline Curl (Dumbbell),6.0,11.0
2025-03-28,Incline Curl (Dumbbell),7.0,8.0
2025-04-07,Lat Pulldown (Cable),40.0,13.0
2025-04-07,Lat Pulldown (Cable),33.0,8.0
2025-04-07,Lat Pulldown (Cable),40.0,7.0
2025-04-07,Lat Pulldown (Cable),33.0,11.0
2025-04-07,Incline Bench Press (Barbell),10.0,11.0
2025-04-07,Incline Bench Press (Barbell),10.0,6.0
2025-04-07,Incline Bench Press (Barbell),10.0,12.0
2025-04-07,Incline Bench Press (Barbell),7.5,10.0
2025-04-09,Lateral Raise (Dumbbell),4.0,9.0
2025-04-09,Lateral Raise (Dumbbell),5.0,10.0
2025-04-09,Lateral Raise (Dumbbell),4.0,9.0
2025-04-09,Lateral Raise (Dumbbell),5.0,13.0
2025-04-09,Lateral Raise (Dumbbell),4.0,10.0
2025-04-09,Triceps Pushdown (Cable - Straight Bar),18.75,16.0
2025-04-09,Triceps Pushdown (Cable - Straight Bar),18.75,11.0
2025-04-09,Triceps Pushdown (Cable - Straight Bar),18.75,7.0
2025-04-09,Triceps Pushdown (Cable - Straight Bar),18.75,8.0
2025-04-09,Seated Leg Press (Machine),55.12,4.0
2025-04-09,Seated Leg Press (Machine),55.12,4.0
2025-04-09,Seated Leg Press (Machine),77.16,7.0
2025-04-09,Seated Leg Press (Machine),77.16,7.0
2025-04-09,Seated Leg Press (Machine),77.16,2.0
2025-04-11,Incline Curl (Dumbbell),7.0,9.0
2025-04-11,Incline Curl (Dumbbell),7.0,9.0
2025-04-11,Incline Curl (Dumbbell),7.0,8.0
2025-04-11,Incline Curl (Dumbbell),7.0,14.0
2025-04-11,Lateral Raise (Dumbbell),5.0,11.0
2025-04-11,Lateral Raise (Dumbbell),5.0,8.0
2025-04-11,Lateral Raise (Dumbbell),5.0,14.0
2025-04-11,Lateral Raise (Dumbbell),4.0,11.0
2025-04-14,Lateral Raise (Dumbbell),5.0,11.0
2025-04-14,Lateral Raise (Dumbbell),5.0,17.0
2025-04-14,Lateral Raise (Dumbbell),5.0,14.0
2025-04-14,Lateral Raise (Dumbbell),5.0,8.0
2025-04-14,Incline Curl (Dumbbell),7.0,9.0
2025-04-14,Incline Curl (Dumbbell),7.0,7.0
2025-04-14,Incline Curl (Dumbbell),7.0,9.0
2025-04-14,Incline Curl (Dumbbell),7.0,9.0
2025-04-15,Chest Press (Machine),25.0,10.0
2025-04-15,Chest Press (Machine),30.0,11.0
2025-04-15,Chest Press (Machine),30.0,16.0
2025-04-15,Chest Press (Machine),25.0,11.0
2025-04-15,Chest Press (Machine),30.0,7.0
2025-04-15,Lat Pulldown (Cable),40.0,9.0
2025-04-15,Lat Pulldown (Cable),33.0,10.0
2025-04-15,Lat Pulldown (Cable),33.0,14.0
2025-04-15,Lat Pulldown (Cable),33.0,13.0
2025-04-15,Lat Pulldown (Cable),40.0,13.0
2025-04-17,Triceps Pushdown (Cable - Straight Bar),18.75,15.0
2025-04-17,Triceps Pushdown (Cable - Straight Bar),16.75,10.0
2025-04-17,Triceps Pushdown (Cable - Straight Bar),18.75,8.0
2025-04-17,Triceps Pushdown (Cable - Straight Bar),18.75,9.0
2025-04-17,Triceps Pushdown (Cable - Straight Bar),18.75,13.0
2025-04-17,Lateral Raise (Dumbbell),5.0,14.0
2025-04-17,Lateral Raise (Dumbbell),5.0,11.0
2025-04-17,Lateral Raise (Dumbbell),5.0,8.0
2025-04-17,Lateral Raise (Dumbbell),5.0,11.0
2025-04-17,Lateral Raise (Dumbbell),5.0,16.0
2025-04-24,Incline Bench Press (Barbell),10.0,7.0
2025-04-24,Incline Bench Press (Barbell),10.0,9.0
2025-04-24,Incline Bench Press (Barbell),7.5,9.0
2025-04-24,Incline Bench Press (Barbell),10.0,14.0
2025-04-24,Incline Bench Press (Barbell),7.5,13.0
2025-04-24,Incline Curl (Dumbbell),7.0,9.0
2025-04-24,Incline Curl (Dumbbell),7.0,9.0
2025-04-24,Incline Curl (Dumbbell),7.0,7.0
2025-04-24,Incline Curl (Dumbbell),7.0,14.0
2025-04-24,Incline Curl (Dumbbell),7.0,9.0
2025-04-25,Lat Pulldown (Cable),40.0,16.0
2025-04-25,Lat Pulldown (Cable),40.0,12.0
2025-04-25,Lat Pulldown (Cable),33.0,12.0
2025-04-25,Lat Pulldown (Cable),40.0,9.0
2025-04-25,Lateral Raise (Dumbbell),5.0,20.0
2025-04-25,Lateral Raise (Dumbbell),5.0,14.0
2025-04-25,Lateral Raise (Dumbbell),5.0,11.0
2025-04-25,Lateral Raise (Dumbbell),5.0,11.0
2025-04-26,Triceps Press down (Rope),16.25,12.0
2025-04-26,Triceps Press down (Rope),16.25,11.0
2025-04-26,Triceps Press down (Rope),16.25,9.0
2025-04-26,Triceps Press down (Rope),16.25,10.0
2025-04-26,Triceps Press down (Rope),16.25,10.0
2025-04-26,Incline Curl (Dumbbell),7.0,8.0
2025-04-26,Incline Curl (Dumbbell),7.0,8.0
2025-04-26,Incline Curl (Dumbbell),7.0,9.0
2025-04-26,Incline Curl (Dumbbell),6.0,10.0
2025-04-26,Incline Curl (Dumbbell),7.0,11.0
2025-04-26,Lateral Raise (Dumbbell),6.0,10.0
2025-04-28,Lateral Raise (Dumbbell),6.0,7.0
2025-04-28,Lateral Raise (Dumbbell),6.0,14.0
2025-04-28,Lateral Raise (Dumbbell),6.0,9.0
2025-04-28,Lateral Raise (Dumbbell),6.0,18.0
2025-04-28,Lateral Raise (Dumbbell),6.0,9.0
2025-04-28,Lat Pulldown (Cable),40.0,15.0
2025-04-28,Lat Pulldown (Cable),33.0,12.0
2025-04-28,Lat Pulldown (Cable),40.0,8.0
2025-04-28,Lat Pulldown (Cable),33.0,12.0
2025-04-28,Lat Pulldown (Cable),40.0,10.0
2025-05-03,Chest Press (Machine),25.0,11.0
2025-05-03,Chest Press (Machine),25.0,8.0
2025-05-03,Chest Press (Machine),25.0,9.0
2025-05-03,Chest Press (Machine),30.0,12.0
2025-05-03,Chest Press (Machine),30.0,9.0
2025-05-03,Lateral Raise (Dumbbell),4.0,9.0
2025-05-03,Lateral Raise (Dumbbell),4.0,13.0
2025-05-03,Lateral Raise (Dumbbell),4.0,14.0
2025-05-03,Lateral Raise (Dumbbell),4.0,11.0
2025-05-06,Lat Pulldown (Cable),40.0,18.0
2025-05-06,Lat Pulldown (Cable),40.0,12.0
2025-05-06,Lat Pulldown (Cable),40.0,9.0
2025-05-06,Lat Pulldown (Cable),40.0,10.0
2025-05-06,Incline Bench Press (Barbell),10.0,10.0
2025-05-06,Incline Bench Press (Barbell),10.0,17.0
2025-05-06,Incline Bench Press (Barbell),10.0,8.0
2025-05-06,Incline Bench Press (Barbell),10.0,11.0
2025-05-06,Triceps Press down (Rope),16.25,6.0
2025-05-06,Triceps Press down (Rope),13.75,11.0
2025-05-06,Triceps Press down (Rope),13.75,9.0
2025-05-08,Incline Bench Press (Smith Machine),25.0,4.0
2025-05-08,Incline Bench Press (Smith Machine),30.0,6.0
2025-05-08,Incline Bench Press (Smith Machine),25.0,10.0
2025-05-08,Bench Press (Smith Machine),30.0,5.0
2025-05-08,Bench Press (Smith Machine),30.0,8.0
2025-05-08,Bench Press (Smith Machine),35.0,1.0
2025-05-20,Chest Fly,33.0,8.0
2025-05-20,Chest Fly,33.0,10.0
2025-05-20,Chest Fly,33.0,14.0
2025-05-20,Chest Fly,26.0,10.0
2025-05-20,Triceps Pushdown (Cable - Straight Bar),16.25,8.0
2025-05-20,Triceps Pushdown (Cable - Straight Bar),16.25,14.0
2025-05-20,Triceps Pushdown (Cable - Straight Bar),16.25,19.0
2025-05-20,Triceps Pushdown (Cable - Straight Bar),16.25,11.0
2025-05-20,Lateral Raise (Dumbbell),4.0,14.0
2025-05-20,Lateral Raise (Dumbbell),4.0,10.0
2025-05-20,Lateral Raise (Dumbbell),4.0,10.0
2025-05-20,Lateral Raise (Dumbbell),4.0,9.0
2025-05-21,Back Squat (Smith Machine),50.0,1.0
2025-05-21,Front Squat (Smith Machine),45.0,1.0
2025-05-21,"Lunge (Left Foot Forwards, Smith Machine)",45.0,1.0
2025-05-21,"Lunge (Right Foot Forward, Smith Machine)",45.0,1.0
2025-05-21,Deadlift (Smith Machine),70.0,1.0
2025-05-22,Lat Pulldown (Cable),40.0,12.0
2025-05-22,Lat Pulldown (Cable),33.0,10.0
2025-05-22,Lat Pulldown (Cable),40.0,8.0
2025-05-22,Lat Pulldown (Cable),33.0,9.0
2025-05-22,Incline Curl (Dumbbell),7.0,10.0
2025-05-22,Incline Curl (Dumbbell),7.5,11.0
2025-05-22,Incline Curl (Dumbbell),7.0,9.0
2025-05-22,Incline Curl (Dumbbell),7.5,8.0
2025-05-24,Chest Fly,33.0,10.0
2025-05-24,Chest Fly,33.0,16.0
2025-05-24,Chest Fly,40.0,8.0
2025-05-24,Chest Fly,33.0,7.0
2025-05-24,Lateral Raise (Dumbbell),4.0,12.0
2025-05-24,Lateral Raise (Dumbbell),4.0,16.0
2025-05-24,Lateral Raise (Dumbbell),4.0,11.0
2025-05-24,Lateral Raise (Dumbbell),4.0,10.0
2025-05-30,Lateral Raise (Dumbbell),4.0,12.0
2025-05-30,Lateral Raise (Dumbbell),4.0,13.0
2025-05-30,Lateral Raise (Dumbbell),4.0,17.0
2025-05-30,Lateral Raise (Dumbbell),4.0,11.0
2025-05-30,Triceps Pushdown (Cable - Straight Bar),16.25,11.0
2025-05-30,Triceps Pushdown (Cable - Straight Bar),16.25,15.0
2025-05-30,Triceps Pushdown (Cable - Straight Bar),16.25,18.0
2025-05-30,Triceps Pushdown (Cable - Straight Bar),16.25,12.0
2025-06-02,Bicep Curl (Dumbbell),6.0,6.0
2025-06-02,Bicep Curl (Dumbbell),5.0,8.0
2025-06-02,Bicep Curl (Dumbbell),7.0,12.0
2025-06-02,Bicep Curl (Dumbbell),5.0,8.0
2025-06-02,Bicep Curl (Dumbbell),6.0,7.0
2025-06-02,Bicep Curl (Dumbbell),7.0,6.0
2025-06-02,Triceps Pushdown (Cable - Straight Bar),16.25,12.0
2025-06-02,Triceps Pushdown (Cable - Straight Bar),16.25,15.0
2025-06-02,Triceps Pushdown (Cable - Straight Bar),16.25,7.0
2025-06-02,Triceps Pushdown (Cable - Straight Bar),16.25,9.0
2025-06-02,Seated Leg Press (Machine),49.6,12.0
2025-06-02,Seated Leg Press (Machine),49.6,10.0
2025-06-02,Seated Leg Press (Machine),55.12,8.0
2025-06-02,Seated Leg Press (Machine),55.12,9.0
2025-06-02,Seated Leg Press (Machine),49.6,7.0
2025-06-02,Lateral Raise (Dumbbell),4.0,13.0
2025-06-02,Lateral Raise (Dumbbell),4.0,9.0
2025-06-02,Lateral Raise (Dumbbell),4.0,18.0
2025-06-03,Chest Fly,40.0,8.0
2025-06-03,Chest Fly,33.0,9.0
2025-06-03,Chest Fly,26.0,8.0
2025-06-03,Chest Fly,33.0,7.0
2025-06-03,Lat Pulldown (Cable),33.0,8.0
2025-06-03,Lat Pulldown (Cable),40.0,9.0
2025-06-03,Lat Pulldown (Cable),33.0,9.0
2025-06-03,Lat Pulldown (Cable),40.0,11.0
2025-06-04,Seated Leg Press (Machine),49.6,12.0
2025-06-04,Seated Leg Press (Machine),55.12,9.0
2025-06-04,Seated Leg Press (Machine),55.12,14.0
2025-06-04,Seated Leg Press (Machine),49.6,10.0
2025-06-04,Leg Extension (Machine),44.09,9.0
2025-06-04,Leg Extension (Machine),44.09,9.0
2025-06-04,Leg Extension (Machine),44.09,10.0
2025-06-04,Leg Extension (Machine),44.09,10.0
2025-06-04,Hip Abductor (Machine),60.0,10.0
2025-06-04,Hip Abductor (Machine),55.0,14.0
2025-06-04,Hip Abductor (Machine),60.0,12.0
2025-06-04,Seated Leg Curl (Machine),77.16,12.0
2025-06-04,Seated Leg Curl (Machine),77.16,9.0
2025-06-04,Seated Leg Curl (Machine),66.14,15.0
2025-06-04,Seated Leg Curl (Machine),77.16,8.0
2025-06-08,Lateral Raise (Dumbbell),4.0,10.0
2025-06-08,Lateral Raise (Dumbbell),4.0,20.0
2025-06-08,Lateral Raise (Dumbbell),4.0,11.0
2025-06-08,Lateral Raise (Dumbbell),4.0,14.0
2025-06-08,Bicep Curl (Dumbbell),6.0,6.0
2025-06-08,Bicep Curl (Dumbbell),6.0,7.0
2025-06-08,Bicep Curl (Dumbbell),7.0,5.0
2025-06-08,Bicep Curl (Dumbbell),7.0,11.0
2025-06-08,Chest Fly,33.0,7.0
2025-06-08,Chest Fly,26.0,8.0
2025-06-08,Chest Fly,40.0,7.0
2025-06-08,Chest Fly,26.0,9.0
2025-06-09,Lat Pulldown (Cable),33.0,10.0
2025-06-09,Lat Pulldown (Cable),33.0,9.0
2025-06-09,Lat Pulldown (Cable),40.0,7.0
2025-06-09,Lat Pulldown (Cable),40.0,12.0
2025-06-09,Triceps Pushdown (Cable - Straight Bar),16.25,9.0
2025-06-09,Triceps Pushdown (Cable - Straight Bar),16.25,9.0
2025-06-09,Triceps Pushdown (Cable - Straight Bar),16.25,7.0
2025-06-09,Triceps Pushdown (Cable - Straight Bar),16.25,10.0
2025-06-09,Seated Leg Press (Machine),55.12,15.0
2025-06-09,Seated Leg Press (Machine),49.6,11.0
2025-06-09,Seated Leg Press (Machine),55.12,8.0
2025-06-09,Seated Leg Press (Machine),55.12,18.0
2025-07-08,Lateral Raise (Dumbbell),4.0,7.0
2025-07-08,Lateral Raise (Dumbbell),4.0,9.0
2025-07-08,Lateral Raise (Dumbbell),4.0,12.0
2025-07-08,Lateral Raise (Dumbbell),5.0,8.0
2025-07-08,Lat Pulldown (Cable),30.0,10.0
2025-07-08,Lat Pulldown (Cable),35.0,8.0
2025-07-08,Lat Pulldown (Cable),30.0,10.0
2025-07-08,Lat Pulldown (Cable),35.0,10.0
2025-07-08,Bicep Curl (Dumbbell),7.0,2.0
2025-07-08,Bicep Curl (Dumbbell),5.0,5.0
2025-07-08,Bicep Curl (Dumbbell),5.0,9.0
2025-07-08,Bicep Curl (Dumbbell),6.0,2.0
2025-07-14,Lateral Raise (Dumbbell),5.0,8.0
2025-07-14,Lateral Raise (Dumbbell),4.0,9.0
2025-07-14,Lateral Raise (Dumbbell),4.0,8.0
2025-07-14,Lateral Raise (Dumbbell),5.0,7.0
2025-07-14,Bench Press (Smith Machine),24.0,7.0
2025-07-14,Bench Press (Smith Machine),24.0,7.0
2025-07-14,Bench Press (Smith Machine),26.5,6.0
2025-07-14,Bench Press (Smith Machine),29.0,6.0
2025-07-14,Triceps Press down (Rope),7.5,10.0
2025-07-14,Triceps Press down (Rope),10.0,6.0
2025-07-14,Triceps Press down (Rope),7.5,6.0
2025-07-14,Triceps Press down (Rope),5.0,10.0
2025-07-17,Hip Abductor (Machine),52.5,12.0
2025-07-17,Hip Abductor (Machine),50.0,10.0
2025-07-17,Hip Abductor (Machine),52.5,12.0
2025-07-17,Hip Abductor (Machine),50.0,12.0
2025-07-17,Hip Adductor (Machine),45.0,7.0
2025-07-17,Hip Adductor (Machine),50.0,10.0
2025-07-17,Hip Adductor (Machine),40.0,12.0
2025-07-17,Hip Adductor (Machine),60.0,8.0
2025-07-17,Seated Leg Press (Machine),27.2019344289,13.0
2025-07-17,Seated Leg Press (Machine),45.3002699919,1.0
2025-07-17,Seated Leg Press (Machine),36.2012070497,14.0
2025-07-17,Seated Leg Press (Machine),36.2012070497,14.0
2025-07-17,Seated Leg Press (Machine),36.2012070497,7.0
2025-07-18,Lat Pulldown (Cable),35.0,7.0
2025-07-18,Lat Pulldown (Cable),27.5,8.0
2025-07-18,Lat Pulldown (Cable),32.5,8.0
2025-07-18,Lat Pulldown (Cable),30.0,6.0
2025-07-18,Bicep Curl (Dumbbell),5.0,12.0
2025-07-18,Bicep Curl (Dumbbell),5.0,10.0
2025-07-18,Bicep Curl (Dumbbell),5.0,8.0
2025-07-18,Bicep Curl (Dumbbell),6.0,8.0
2025-07-19,Leg Extension (Machine),8.999272620800001,5.0
2025-07-19,Leg Extension (Machine),13.598699252600001,12.0
2025-07-19,Leg Extension (Machine),13.598699252600001,10.0
2025-07-19,Leg Extension (Machine),13.598699252600001,7.0
2025-07-19,Leg Extension (Machine),18.098335563,7.0
2025-07-19,Seated Leg Curl (Machine),24.902221113,8.0
2025-07-19,Seated Leg Curl (Machine),22.6977621948,6.0
2025-07-19,Seated Leg Curl (Machine),22.6977621948,6.0
2025-07-19,Seated Leg Curl (Machine),24.902221113,13.0
2025-07-19,Seated Leg Curl (Machine),24.902221113,7.0
2025-07-19,Seated Leg Curl (Machine),27.2019344289,9.0
2025-07-19,Lateral Raise (Dumbbell),4.0,10.0
2025-07-19,Lateral Raise (Dumbbell),4.0,8.0
2025-07-19,Lateral Raise (Dumbbell),5.0,10.0
2025-07-19,Lateral Raise (Dumbbell),5.0,7.0
2025-07-19,Triceps Pushdown (^bar),10.0,7.0
2025-07-19,Triceps Pushdown (^bar),7.5,7.0
2025-07-19,Triceps Pushdown (^bar),12.5,7.0
2025-07-19,Triceps Pushdown (^bar),6.0,5.0
2025-07-19,Triceps Pushdown (^bar),7.5,9.0
2025-07-19,Bench Press (Smith Machine),27.5,5.0
2025-07-19,Bench Press (Smith Machine),29.0,6.0
2025-07-19,Bench Press (Smith Machine),24.0,7.0
2025-07-19,Bench Press (Smith Machine),29.0,6.0
2025-07-20,Hip Abductor (Machine),55.0,12.0
2025-07-20,Hip Abductor (Machine),50.0,5.0
2025-07-20,Hip Abductor (Machine),55.0,9.0
2025-07-20,Hip Abductor (Machine),52.5,10.0
2025-07-20,Hip Abductor (Machine),52.5,6.0
2025-07-20,Hip Adductor (Machine),47.5,4.0
2025-07-20,Hip Adductor (Machine),50.0,7.0
2025-07-20,Hip Adductor (Machine),55.0,7.0
2025-07-20,Hip Adductor (Machine),52.5,3.0
2025-07-20,Hip Adductor (Machine),60.0,8.0
2025-07-20,Hip Adductor (Machine),60.0,14.0
2025-07-20,Seated Leg Press (Machine),45.4000603133,4.0
2025-07-20,Seated Leg Press (Machine),18.098335563,5.0
2025-07-20,Seated Leg Press (Machine),36.2012070497,15.0
2025-07-20,Seated Leg Press (Machine),36.2012070497,12.0
2025-07-20,Seated Leg Press (Machine),36.2012070497,11.0
2025-07-20,Lat Pulldown (Cable),32.5,8.0
2025-07-20,Lat Pulldown (Cable),32.5,4.0
2025-07-20,Lat Pulldown (Cable),30.0,8.0
2025-07-20,Lat Pulldown (Cable),35.0,3.0
2025-07-20,Lat Pulldown (Cable),25.0,9.0
2025-07-20,Lat Pulldown (Cable),27.5,8.0
2025-07-20,Bicep Curl (Dumbbell),5.0,9.0
2025-07-20,Bicep Curl (Dumbbell),5.0,13.0
2025-07-20,Bicep Curl (Dumbbell),6.0,8.0
2025-07-20,Bicep Curl (Dumbbell),6.0,11.0
2025-07-21,Lateral Raise (Dumbbell),5.0,10.0
2025-07-21,Lateral Raise (Dumbbell),4.0,11.0
2025-07-21,Lateral Raise (Dumbbell),5.0,7.0
2025-07-21,Lateral Raise (Dumbbell),4.0,8.0
2025-07-21,Triceps Pushdown (^bar),10.0,11.0
2025-07-21,Triceps Pushdown (^bar),10.0,8.0
2025-07-21,Triceps Pushdown (^bar),8.5,2.0
2025-07-21,Triceps Pushdown (^bar),10.0,13.0
2025-07-21,Triceps Pushdown (^bar),10.0,7.0
2025-07-21,Bench Press (Dumbbell),10.0,11.0
2025-07-21,Bench Press (Dumbbell),10.0,9.0
2025-07-21,Bench Press (Dumbbell),10.0,14.0
2025-07-21,Bench Press (Dumbbell),9.0,9.0
2025-07-22,Leg Extension (Machine),18.098335563,8.0
2025-07-22,Leg Extension (Machine),13.598699252600001,8.0
2025-07-22,Leg Extension (Machine),13.598699252600001,10.0
2025-07-22,Leg Extension (Machine),13.598699252600001,11.0
2025-07-22,Seated Leg Curl (Machine),24.9521162737,6.0
2025-07-22,Seated Leg Curl (Machine),24.9521162737,10.0
2025-07-22,Seated Leg Curl (Machine),27.2200781237,10.0
2025-07-22,Seated Leg Curl (Machine),24.9521162737,14.0
2025-07-23,Lat Pulldown (Cable),37.0,13.0
2025-07-23,Lat Pulldown (Cable),37.0,15.0
2025-07-23,Lat Pulldown (Cable),37.0,13.0
2025-07-23,Lat Pulldown (Cable),30.0,5.0
2025-07-23,Lat Pulldown (Cable),37.0,13.0
2025-07-23,Bicep Curl (Dumbbell),7.0,8.0
2025-07-23,Bicep Curl (Dumbbell),6.0,9.0
2025-07-23,Bicep Curl (Dumbbell),6.0,9.0
2025-07-23,Bicep Curl (Dumbbell),6.0,10.0
2025-07-24,Hip Abductor (Machine),52.5,9.0
2025-07-24,Hip Abductor (Machine),55.0,11.0
2025-07-24,Hip Abductor (Machine),55.0,8.0
2025-07-24,Hip Abductor (Machine),52.5,12.0
2025-07-24,Hip Adductor (Machine),60.0,13.0
2025-07-24,Hip Adductor (Machine),52.5,3.0
2025-07-24,Hip Adductor (Machine),60.0,8.0
2025-07-24,Hip Adductor (Machine),55.0,8.0
2025-07-24,Hip Adductor (Machine),55.0,6.0
2025-07-24,Seated Leg Press (Machine),45.359237,4.0
2025-07-24,Seated Leg Press (Machine),36.2012070497,16.0
2025-07-24,Seated Leg Press (Machine),45.4000603133,7.0
2025-07-24,Seated Leg Press (Machine),36.2012070497,15.0
2025-07-24,Seated Leg Press (Machine),19.9988875933,8.0
2025-07-24,Seated Leg Press (Machine),36.287389600000004,9.0
2025-07-25,Lateral Raise (Dumbbell),5.0,10.0
2025-07-25,Lateral Raise (Dumbbell),5.0,10.0
2025-07-25,Lateral Raise (Dumbbell),5.0,7.0
2025-07-25,Lateral Raise (Dumbbell),5.0,8.0
2025-07-25,Triceps Press down (Rope),20.0,10.0
2025-07-25,Triceps Press down (Rope),20.0,14.0
2025-07-25,Triceps Press down (Rope),20.0,12.0
2025-07-25,Triceps Press down (Rope),15.0,10.0
2025-07-25,Triceps Press down (Rope),20.0,13.0
2025-07-25,Incline Bench Press (Machine),30.0,7.0
2025-07-25,Incline Bench Press (Machine),35.0,6.0
2025-07-25,Incline Bench Press (Machine),50.0,4.0
2025-07-25,Incline Bench Press (Machine),35.0,8.0
2025-07-25,Incline Bench Press (Machine),30.0,4.0
2025-07-25,Seated Leg Curl (Machine),22.6796185,11.0
2025-07-25,Seated Leg Curl (Machine),27.2155422,7.0
2025-07-25,Seated Leg Curl (Machine),22.6796185,10.0
2025-07-25,Seated Leg Curl (Machine),27.2155422,11.0
2025-07-25,Seated Leg Curl (Machine),27.2155422,10.0
2025-07-25,Seated Leg Curl (Machine),22.6796185,7.0
2025-07-25,Leg Extension (Machine),13.6077711,10.0
2025-07-25,Leg Extension (Machine),13.6077711,8.0
2025-07-25,Leg Extension (Machine),13.6077711,8.0
2025-07-25,Leg Extension (Machine),9.071847400000001,11.0
2025-07-25,Leg Extension (Machine),18.143694800000002,5.0
2025-07-26,Hip Abductor (Machine),55.0,11.0
2025-07-26,Hip Abductor (Machine),55.0,14.0
2025-07-26,Hip Abductor (Machine),55.0,12.0
2025-07-26,Hip Abductor (Machine),55.0,9.0
2025-07-26,Hip Adductor (Machine),60.0,8.0
2025-07-26,Hip Adductor (Machine),60.0,11.0
2025-07-26,Hip Adductor (Machine),55.0,7.0
2025-07-26,Hip Adductor (Machine),60.0,16.0
2025-07-26,Seated Leg Press (Machine),36.2012070497,17.0
2025-07-26,Seated Leg Press (Machine),36.287389600000004,13.0
2025-07-26,Seated Leg Press (Machine),18.143694800000002,5.0
2025-07-26,Seated Leg Press (Machine),45.359237,4.0
2025-07-26,Seated Leg Press (Machine),45.4000603133,9.0
2025-07-26,Seated Leg Press (Machine),36.2012070497,18.0
2025-07-27,Lat Pulldown (Cable),45.0,11.0
2025-07-27,Lat Pulldown (Cable),37.0,9.0
2025-07-27,Lat Pulldown (Cable),45.0,8.0
2025-07-27,Lat Pulldown (Cable),45.0,9.0
2025-07-27,Bicep Curl (Dumbbell),6.0,13.0
2025-07-27,Bicep Curl (Dumbbell),6.0,11.0
2025-07-27,Bicep Curl (Dumbbell),7.0,9.0
2025-07-27,Bicep Curl (Dumbbell),6.0,11.0
2025-07-28,Lateral Raise (Dumbbell),4.0,10.0
2025-07-28,Lateral Raise (Dumbbell),5.0,6.0
2025-07-28,Lateral Raise (Dumbbell),5.0,9.0
2025-07-28,Lateral Raise (Dumbbell),5.0,13.0
2025-07-28,Bench Press (Dumbbell),10.0,11.0
2025-07-28,Bench Press (Dumbbell),10.0,13.0
2025-07-28,Bench Press (Dumbbell),10.0,10.0
2025-07-28,Bench Press (Dumbbell),10.0,16.0
2025-07-28,Triceps Extension (Cable),18.0,10.0
2025-07-28,Triceps Extension (Cable),18.0,11.0
2025-07-28,Triceps Extension (Cable),18.0,8.0
2025-07-28,Triceps Extension (Cable),18.0,9.0
2025-07-28,Leg Extension (Machine),13.6077711,12.0
2025-07-28,Leg Extension (Machine),13.6077711,11.0
2025-07-28,Leg Extension (Machine),18.143694800000002,6.0
2025-07-28,Leg Extension (Machine),13.6077711,4.0
2025-07-28,Leg Extension (Machine),13.6077711,12.0
2025-07-28,Seated Leg Curl (Machine),27.2155422,14.0
2025-07-28,Seated Leg Curl (Machine),27.2155422,8.0
2025-07-28,Seated Leg Curl (Machine),27.2155422,10.0
2025-07-28,Seated Leg Curl (Machine),27.2155422,10.0
2025-07-29,Hip Abductor (Machine),57.5,11.0
2025-07-29,Hip Abductor (Machine),55.0,4.0
2025-07-29,Hip Abductor (Machine),55.0,9.0
2025-07-29,Hip Abductor (Machine),57.5,9.0
2025-07-29,Hip Abductor (Machine),57.5,10.0
2025-07-29,Hip Adductor (Machine),60.0,14.0
2025-07-29,Hip Adductor (Machine),60.0,8.0
2025-07-29,Hip Adductor (Machine),60.0,7.0
2025-07-29,Hip Adductor (Machine),55.0,8.0
2025-07-29,Hip Adductor (Machine),55.0,3.0
2025-07-29,Seated Leg Press (Machine),36.2012070497,19.0
2025-07-29,Seated Leg Press (Machine),18.143694800000002,5.0
2025-07-29,Seated Leg Press (Machine),36.287389600000004,17.0
2025-07-29,Seated Leg Press (Machine),36.2012070497,25.0
2025-07-29,Seated Leg Press (Machine),45.4000603133,6.0
2025-07-31,Bicep Curl (Dumbbell),6.0,9.0
2025-07-31,Bicep Curl (Dumbbell),7.0,9.0
2025-07-31,Bicep Curl (Dumbbell),6.0,11.0
2025-07-31,Bicep Curl (Dumbbell),7.0,12.0
2025-07-31,Lat Pulldown (Cable),45.0,7.0
2025-07-31,Lat Pulldown (Cable),37.0,10.0
2025-07-31,Lat Pulldown (Cable),37.0,10.0
2025-07-31,Lat Pulldown (Cable),45.0,10.0
2025-08-03,Lateral Raise (Cable),5.0,13.0
2025-08-03,Lateral Raise (Cable),10.0,2.0
2025-08-03,Lateral Raise (Cable),5.0,11.0
2025-08-03,Lateral Raise (Cable),5.0,15.0
2025-08-03,Lateral Raise (Cable),5.0,10.0
2025-08-03,Lateral Raise (Cable),5.0,14.0
2025-08-03,Lateral Raise (Cable),10.0,4.0
2025-08-03,Lateral Raise (Cable),5.0,8.0
2025-08-03,Lateral Raise (Cable),5.0,15.0
2025-08-03,Lateral Raise (Cable),5.0,11.0
2025-08-03,Bench Press (Dumbbell),10.0,11.0
2025-08-03,Bench Press (Dumbbell),10.0,8.0
2025-08-03,Bench Press (Dumbbell),10.0,11.0
2025-08-03,Bench Press (Dumbbell),10.0,17.0
2025-08-03,Triceps Pushdown (^bar),15.0,20.0
2025-08-03,Triceps Pushdown (^bar),20.0,14.0
2025-08-03,Triceps Pushdown (^bar),25.0,12.0
2025-08-03,Triceps Pushdown (^bar),25.0,10.0
2025-08-05,Lat Pulldown (Cable),30.0,8.0
2025-08-05,Lat Pulldown (Cable),27.75,11.0
2025-08-05,Lat Pulldown (Cable),27.75,12.0
2025-08-05,Lat Pulldown (Cable),27.75,9.0
2025-08-05,Bicep Curl (Dumbbell),6.0,9.0
2025-08-05,Bicep Curl (Dumbbell),7.0,13.0
2025-08-05,Bicep Curl (Dumbbell),7.0,7.0
2025-08-05,Bicep Curl (Dumbbell),6.0,7.0
2025-08-05,Hip Adductor (Machine),57.5,8.0
2025-08-05,Hip Adductor (Machine),69.5,9.0
2025-08-05,Hip Adductor (Machine),60.0,10.0
2025-08-05,Hip Adductor (Machine),67.0,7.0
2025-08-05,Hip Abductor (Machine),52.5,11.0
2025-08-05,Hip Abductor (Machine),57.5,10.0
2025-08-05,Hip Abductor (Machine),52.5,9.0
2025-08-05,Hip Abductor (Machine),57.5,13.0
2025-08-05,Seated Leg Press (Machine),18.143694800000002,5.0
2025-08-05,Seated Leg Press (Machine),36.287389600000004,12.0
2025-08-05,Seated Leg Press (Machine),36.287389600000004,11.0
2025-08-05,Seated Leg Press (Machine),45.359237,5.0
2025-08-05,Seated Leg Press (Machine),45.359237,10.0
2025-08-05,Seated Leg Press (Machine),36.287389600000004,9.0
2025-08-07,Leg Extension (Machine),13.6077711,10.0
2025-08-07,Leg Extension (Machine),13.6077711,9.0
2025-08-07,Leg Extension (Machine),13.6077711,10.0
2025-08-07,Leg Extension (Machine),18.143694800000002,9.0
2025-08-07,Seated Leg Curl (Machine),24.947580350000003,9.0
2025-08-07,Seated Leg Curl (Machine),27.2155422,8.0
2025-08-07,Seated Leg Curl (Machine),22.6796185,8.0
2025-08-07,Seated Leg Curl (Machine),27.2155422,10.0
2025-08-08,Lateral Raise (Dumbbell),5.0,8.0
2025-08-08,Lateral Raise (Dumbbell),3.0,18.0
2025-08-08,Lateral Raise (Dumbbell),4.0,9.0
2025-08-08,Lateral Raise (Dumbbell),5.0,9.0
2025-08-08,Lateral Raise (Dumbbell),5.0,10.0
2025-08-08,Bench Press (Dumbbell),10.0,13.0
2025-08-08,Bench Press (Dumbbell),8.0,17.0
2025-08-08,Bench Press (Dumbbell),10.0,14.0
2025-08-08,Bench Press (Dumbbell),10.0,15.0
2025-08-08,Bench Press (Dumbbell),10.0,8.0
2025-08-08,Triceps Extension (Cable),20.0,8.0
2025-08-08,Triceps Extension (Cable),15.0,12.0
2025-08-08,Triceps Extension (Cable),5.0,15.0
2025-08-08,Triceps Extension (Cable),15.0,8.0
2025-08-08,Triceps Extension (Cable),10.0,11.0
2025-08-09,Hip Adductor (Machine),55.0,4.0
2025-08-09,Hip Adductor (Machine),60.0,4.0
2025-08-09,Hip Adductor (Machine),67.5,7.0
2025-08-09,Hip Adductor (Machine),55.0,8.0
2025-08-09,Hip Adductor (Machine),67.5,11.0
2025-08-09,Hip Adductor (Machine),60.0,7.0
2025-08-09,Hip Abductor (Machine),55.0,10.0
2025-08-09,Hip Abductor (Machine),60.0,8.0
2025-08-09,Hip Abductor (Machine),60.0,12.0
2025-08-09,Hip Abductor (Machine),55.0,4.0
2025-08-09,Hip Abductor (Machine),55.0,11.0
2025-08-09,Seated Leg Press (Machine),45.359237,7.0
2025-08-09,Seated Leg Press (Machine),36.287389600000004,8.0
2025-08-09,Seated Leg Press (Machine),36.287389600000004,5.0
2025-08-09,Seated Leg Press (Machine),45.359237,11.0
2025-08-09,Seated Leg Press (Machine),45.359237,6.0
2025-08-09,Seated Leg Press (Machine),18.143694800000002,5.0
2025-08-10,Lat Pulldown (Cable),27.75,9.0
2025-08-10,Lat Pulldown (Cable),27.75,11.0
2025-08-10,Lat Pulldown (Cable),30.0,9.0
2025-08-10,Lat Pulldown (Cable),30.0,12.0
2025-08-10,Bicep Curl (Dumbbell),7.0,8.0
2025-08-10,Bicep Curl (Dumbbell),7.0,9.0
2025-08-10,Bicep Curl (Dumbbell),7.0,3.0
2025-08-10,Bicep Curl (Dumbbell),7.0,8.0
2025-08-10,Bicep Curl (Dumbbell),8.0,8.0
2025-08-10,Leg Extension (Machine),18.143694800000002,10.0
2025-08-10,Leg Extension (Machine),18.143694800000002,8.0
2025-08-10,Leg Extension (Machine),9.071847400000001,14.0
2025-08-10,Leg Extension (Machine),13.6077711,9.0
2025-08-10,Leg Extension (Machine),13.6077711,9.0
2025-08-10,Seated Calf Raise (Plate Loaded),30.0,17.0
2025-08-10,Seated Calf Raise (Plate Loaded),10.0,30.0
2025-08-10,Seated Calf Raise (Plate Loaded),25.0,30.0
2025-08-10,Seated Calf Raise (Plate Loaded),30.0,14.0
2025-08-10,Seated Calf Raise (Plate Loaded),20.0,30.0
2025-08-10,Seated Leg Curl (Machine),27.2155422,11.0
2025-08-10,Seated Leg Curl (Machine),18.143694800000002,19.0
2025-08-10,Seated Leg Curl (Machine),27.2155422,10.0
2025-08-10,Seated Leg Curl (Machine),24.947580350000003,9.0
2025-08-10,Seated Leg Curl (Machine),27.2155422,9.0
2025-08-11,Lateral Raise (Dumbbell),5.0,8.0
2025-08-11,Lateral Raise (Dumbbell),5.0,8.0
2025-08-11,Lateral Raise (Dumbbell),3.0,16.0
2025-08-11,Lateral Raise (Dumbbell),4.0,9.0
2025-08-11,Lateral Raise (Dumbbell),4.0,10.0
2025-08-11,Bench Press (Dumbbell),11.0,9.0
2025-08-11,Bench Press (Dumbbell),11.0,8.0
2025-08-11,Bench Press (Dumbbell),10.0,13.0
2025-08-11,Bench Press (Dumbbell),11.0,14.0
2025-08-11,Bench Press (Dumbbell),11.0,16.0
2025-08-11,Triceps Extension (Cable),15.0,12.0
2025-08-11,Triceps Extension (Cable),15.0,11.0
2025-08-11,Triceps Extension (Cable),20.0,8.0
2025-08-11,Triceps Extension (Cable),15.0,9.0
2025-08-11,Triceps Extension (Cable),10.0,16.0
2025-08-14,Cable Crunch,50.0,20.0
2025-08-14,Cable Crunch,40.0,20.0
2025-08-14,Cable Crunch,20.0,20.0
2025-08-14,Cable Crunch,30.0,20.0
2025-08-14,Hip Abductor (Machine),55.0,14.0
2025-08-14,Hip Abductor (Machine),60.0,9.0
2025-08-14,Hip Abductor (Machine),62.5,10.0
2025-08-14,Hip Abductor (Machine),52.5,13.0
2025-08-14,Hip Abductor (Machine),60.0,10.0
2025-08-14,Hip Adductor (Machine),55.0,10.0
2025-08-14,Hip Adductor (Machine),62.5,9.0
2025-08-14,Hip Adductor (Machine),67.5,10.0
2025-08-14,Hip Adductor (Machine),50.0,11.0
2025-08-14,Hip Adductor (Machine),60.0,7.0
2025-08-14,Seated Leg Press (Machine),36.287389600000004,16.0
2025-08-14,Seated Leg Press (Machine),45.359237,14.0
2025-08-14,Seated Leg Press (Machine),45.359237,8.0
2025-08-14,Seated Leg Press (Machine),45.359237,10.0
2025-08-14,Seated Leg Press (Machine),45.359237,9.0
2025-08-14,Seated Leg Press (Machine),18.143694800000002,5.0
2025-08-15,Lat Pulldown (Cable),32.5,10.0
2025-08-15,Lat Pulldown (Cable),32.5,8.0
2025-08-15,Lat Pulldown (Cable),30.0,8.0
2025-08-15,Lat Pulldown (Cable),30.0,9.0
2025-08-15,Bicep Curl (Dumbbell),7.0,8.0
2025-08-15,Bicep Curl (Dumbbell),8.0,6.0
2025-08-15,Bicep Curl (Dumbbell),7.0,6.0
2025-08-15,Bicep Curl (Dumbbell),8.0,10.0
2025-08-16,Leg Extension (Machine),13.6077711,7.0
2025-08-16,Leg Extension (Machine),18.143694800000002,7.0
2025-08-16,Leg Extension (Machine),18.143694800000002,10.0
2025-08-16,Leg Extension (Machine),9.071847400000001,16.0
2025-08-16,Leg Extension (Machine),13.6077711,12.0
2025-08-16,Seated Leg Curl (Machine),27.2155422,12.0
2025-08-16,Seated Leg Curl (Machine),24.947580350000003,11.0
2025-08-16,Seated Leg Curl (Machine),27.2155422,9.0
2025-08-16,Seated Leg Curl (Machine),18.143694800000002,20.0
2025-08-16,Seated Leg Curl (Machine),24.947580350000003,10.0
2025-08-16,Seated Calf Raise (Plate Loaded),30.0,19.0
2025-08-16,Seated Calf Raise (Plate Loaded),30.0,16.0
2025-08-16,Seated Calf Raise (Plate Loaded),25.0,21.0
2025-08-16,Seated Calf Raise (Plate Loaded),30.0,22.0
2025-08-17,Lateral Raise (Dumbbell),4.0,10.0
2025-08-17,Lateral Raise (Dumbbell),4.0,11.0
2025-08-17,Lateral Raise (Dumbbell),4.0,12.0
2025-08-17,Lateral Raise (Dumbbell),4.0,12.0
2025-08-17,Bench Press (Dumbbell),12.0,8.0
2025-08-17,Bench Press (Dumbbell),12.0,12.0
2025-08-17,Bench Press (Dumbbell),12.0,9.0
2025-08-17,Bench Press (Dumbbell),12.0,12.0
2025-08-17,Triceps Extension (Cable),20.0,10.0
2025-08-17,Triceps Extension (Cable),20.0,8.0
2025-08-17,Triceps Extension (Cable),15.0,14.0
2025-08-17,Triceps Extension (Cable),20.0,11.0
2025-08-18,Hip Abductor (Machine),57.5,11.0
2025-08-18,Hip Abductor (Machine),55.0,12.0
2025-08-18,Hip Abductor (Machine),65.0,10.0
2025-08-18,Hip Abductor (Machine),60.0,7.0
2025-08-18,Hip Abductor (Machine),62.5,11.0
2025-08-18,Hip Adductor (Machine),70.0,5.0
2025-08-18,Hip Adductor (Machine),55.0,8.0
2025-08-18,Hip Adductor (Machine),60.0,3.0
2025-08-18,Hip Adductor (Machine),65.0,5.0
2025-08-18,Hip Adductor (Machine),65.0,7.0
2025-08-18,Hip Adductor (Machine),50.0,10.0
2025-08-18,Leg Extension (Machine),13.6077711,11.0
2025-08-18,Leg Extension (Machine),9.071847400000001,14.0
2025-08-18,Leg Extension (Machine),18.143694800000002,8.0
2025-08-18,Leg Extension (Machine),18.143694800000002,9.0
2025-08-18,Leg Extension (Machine),13.6077711,10.0
2025-08-19,Lat Pulldown (Cable),30.0,10.0
2025-08-19,Lat Pulldown (Cable),32.5,10.0
2025-08-19,Lat Pulldown (Cable),32.5,7.0
2025-08-19,Lat Pulldown (Cable),32.5,2.0
2025-08-19,Bicep Curl (Dumbbell),8.0,9.0
2025-08-19,Bicep Curl (Dumbbell),7.0,8.0
2025-08-19,Bicep Curl (Dumbbell),8.0,7.0
2025-08-19,Bicep Curl (Dumbbell),7.0,7.0
2025-08-21,Seated Leg Press (Machine),54.4310844,3.0
2025-08-21,Seated Leg Press (Machine),18.143694800000002,5.0
2025-08-21,Seated Leg Press (Machine),45.359237,17.0
2025-08-21,Lat Pulldown (Cable),45.0,12.0
2025-08-21,Lat Pulldown (Cable),45.0,9.0
2025-08-21,Seated Calf Raise (Plate Loaded),30.0,14.0
2025-08-21,Seated Calf Raise (Plate Loaded),30.0,16.0
2025-08-21,Seated Calf Raise (Plate Loaded),30.0,18.0
2025-08-21,Seated Calf Raise (Plate Loaded),35.0,15.0
2025-08-21,Leg Extension (Machine),18.143694800000002,18.0
2025-08-21,Leg Extension (Machine),22.6796185,9.0
2025-08-21,Leg Extension (Machine),22.6796185,13.0
2025-08-21,Leg Extension (Machine),18.143694800000002,20.0
2025-08-21,Leg Extension (Machine),22.6796185,15.0
2025-08-23,Lateral Raise (Dumbbell),3.0,15.0
2025-08-23,Lateral Raise (Dumbbell),4.0,11.0
2025-08-23,Lateral Raise (Dumbbell),4.0,10.0
2025-08-23,Lateral Raise (Dumbbell),4.0,12.0
2025-08-23,Lateral Raise (Dumbbell),4.0,9.0
2025-08-23,Bench Press (Dumbbell),12.0,10.0
2025-08-23,Bench Press (Dumbbell),12.0,15.0
2025-08-23,Bench Press (Dumbbell),12.0,9.0
2025-08-23,Bench Press (Dumbbell),10.0,13.0
2025-08-23,Bench Press (Dumbbell),12.0,8.0
2025-08-23,Triceps Extension (Cable),20.0,11.0
2025-08-23,Triceps Extension (Cable),10.0,13.0
2025-08-23,Triceps Extension (Cable),20.0,8.0
2025-08-23,Triceps Extension (Cable),20.0,9.0
2025-08-23,Triceps Extension (Cable),20.0,9.0
2025-08-24,Hip Abductor (Machine),55.0,13.0
2025-08-24,Hip Abductor (Machine),60.0,8.0
2025-08-24,Hip Abductor (Machine),62.5,10.0
2025-08-24,Hip Abductor (Machine),62.5,10.0
2025-08-24,Hip Abductor (Machine),67.5,8.0
2025-08-24,Hip Adductor (Machine),65.0,10.0
2025-08-24,Hip Adductor (Machine),55.0,11.0
2025-08-24,Hip Adductor (Machine),65.0,12.0
2025-08-24,Hip Adductor (Machine),65.0,7.0
2025-08-24,Hip Adductor (Machine),62.5,7.0
2025-08-24,Seated Calf Raise (Plate Loaded),30.0,15.0
2025-08-24,Seated Calf Raise (Plate Loaded),35.0,11.0
2025-08-24,Seated Calf Raise (Plate Loaded),30.0,14.0
2025-08-24,Seated Calf Raise (Plate Loaded),30.0,17.0
2025-08-24,Seated Calf Raise (Plate Loaded),35.0,18.0
2025-08-25,Lat Pulldown (Cable),32.5,7.0
2025-08-25,Lat Pulldown (Cable),32.5,10.0
2025-08-25,Lat Pulldown (Cable),32.5,9.0
2025-08-25,Lat Pulldown (Cable),30.0,7.0
2025-08-25,Bicep Curl (Dumbbell),7.0,7.0
2025-08-25,Bicep Curl (Dumbbell),8.0,8.0
2025-08-25,Bicep Curl (Dumbbell),7.0,7.0
2025-08-25,Bicep Curl (Dumbbell),8.0,8.0
2025-08-26,Lateral Raise (Dumbbell),4.0,10.0
2025-08-26,Lateral Raise (Dumbbell),4.0,9.0
2025-08-26,Lateral Raise (Dumbbell),4.0,10.0
2025-08-26,Bench Press (Dumbbell),12.0,12.0
2025-08-26,Bench Press (Dumbbell),12.0,13.0
2025-08-26,Bench Press (Dumbbell),12.0,9.0
2025-08-26,Triceps Extension (Cable),20.0,10.0
2025-08-26,Triceps Extension (Cable),20.0,12.0
2025-08-26,Triceps Extension (Cable),20.0,11.0
